{"type":"FeatureCollection","features":[{"type":"Feature","properties":{"code":"YEM","name_en":"Yemen","name_fa":"یمن"},"geometry":{"type":"MultiPolygon","coordinates":[[[[52.581445,16.470361],[52.448438,16.39126],[52.327734,16.293555],[52.237305,16.171387],[52.174023,15.956836],[52.22207,15.760596],[52.21748,15.655518],[52.087305,15.585938],[51.96582,15.535693],[51.830762,15.459277],[51.748633,15.440137],[51.681543,15.379102],[51.603711,15.336816],[51.322461,15.22627],[51.015137,15.140771],[50.527051,15.038184],[50.338574,14.927197],[50.166895,14.851025],[49.906348,14.828125],[49.548633,14.722412],[49.349902,14.637793],[49.10293,14.500049],[49.048047,14.456445],[49.004688,14.355029],[48.928711,14.26748],[48.77998,14.123877],[48.668359,14.050146],[48.59375,14.04624],[48.449023,14.005908],[48.277832,13.997656],[47.989941,14.048096],[47.916016,14.012842],[47.855078,13.956934],[47.633398,13.858447],[47.407715,13.661621],[47.242578,13.609375],[46.975684,13.547461],[46.788867,13.465576],[46.663477,13.432715],[46.501953,13.415576],[46.203125,13.423828],[45.919727,13.394287],[45.657324,13.338721],[45.533984,13.233496],[45.393555,13.067041],[45.163867,12.998291],[45.109766,12.938574],[45.038672,12.815869],[44.889844,12.78418],[44.755273,12.76377],[44.617773,12.817236],[44.358496,12.669141],[44.260352,12.644629],[44.111523,12.638672],[44.005859,12.607666],[43.929785,12.616504],[43.835352,12.674414],[43.634375,12.744482],[43.487598,12.698828],[43.475293,12.839014],[43.231934,13.26709],[43.282617,13.639844],[43.282422,13.692529],[43.234082,13.858936],[43.089063,14.010986],[43.093359,14.203662],[43.044824,14.341553],[43.00625,14.483105],[43.01875,14.520801],[43.021094,14.554883],[42.946973,14.773145],[42.922168,14.817383],[42.912988,14.863086],[42.937305,14.898047],[42.936426,14.938574],[42.89707,15.005566],[42.855664,15.132959],[42.657813,15.232812],[42.697852,15.326318],[42.736426,15.293555],[42.788477,15.265723],[42.799023,15.32627],[42.799902,15.371631],[42.717188,15.654639],[42.839648,16.032031],[42.799316,16.371777],[42.986328,16.509082],[43.033594,16.550391],[43.060742,16.586621],[43.104785,16.66416],[43.165039,16.689404],[43.186328,16.770996],[43.184473,16.811816],[43.145605,16.846777],[43.116504,16.941992],[43.126172,17.062451],[43.135938,17.112988],[43.155957,17.205029],[43.221387,17.239258],[43.236914,17.266455],[43.186328,17.324707],[43.190918,17.359375],[43.302148,17.456787],[43.346094,17.486035],[43.417969,17.51626],[43.474219,17.515918],[43.539258,17.49873],[43.597266,17.471436],[43.653418,17.421875],[43.712988,17.365527],[43.804297,17.344141],[43.866406,17.349609],[43.916992,17.324707],[43.959668,17.33833],[44.008203,17.36748],[44.085938,17.365527],[44.155957,17.398535],[44.354688,17.414355],[44.546484,17.404346],[44.746777,17.431689],[44.946484,17.42959],[45.148047,17.427441],[45.192773,17.423389],[45.236621,17.406201],[45.406543,17.319775],[45.535352,17.302051],[45.794434,17.278418],[46.070801,17.253174],[46.310352,17.231299],[46.513477,17.25166],[46.682031,17.268555],[46.727637,17.265576],[46.778516,17.212109],[46.87998,17.079004],[46.975684,16.953467],[47.143555,16.94668],[47.25127,16.993945],[47.369629,17.0604],[47.441797,17.111865],[47.525391,17.316113],[47.57959,17.44834],[47.703711,17.596826],[47.807813,17.721094],[47.945508,17.88584],[48.02168,17.976953],[48.172168,18.156934],[48.31582,18.227051],[48.592969,18.362402],[48.864844,18.495215],[49.041992,18.581787],[49.192383,18.621338],[49.445117,18.655322],[49.74209,18.695312],[50.038965,18.735254],[50.355273,18.777783],[50.708203,18.825293],[50.95,18.857861],[51.258398,18.899365],[51.514941,18.933887],[51.742969,18.964551],[51.977637,18.996143],[52.021875,18.896289],[52.066211,18.796387],[52.110449,18.696484],[52.154688,18.596582],[52.199023,18.49668],[52.243262,18.396826],[52.2875,18.296924],[52.331738,18.19707],[52.376074,18.097168],[52.420313,17.997314],[52.464551,17.897412],[52.508887,17.79751],[52.553125,17.697607],[52.597363,17.597754],[52.641699,17.497852],[52.685938,17.397949],[52.729199,17.300391],[52.800586,17.26792],[52.842969,17.175684],[52.903711,17.043848],[52.964355,16.912061],[53.025,16.780225],[53.085645,16.648389],[52.581445,16.470361]]],[[[42.558691,15.281201],[42.549023,15.320068],[42.569727,15.407324],[42.602344,15.43252],[42.624512,15.367969],[42.610449,15.332275],[42.590234,15.303418],[42.558691,15.281201]]],[[[42.689746,13.673633],[42.734961,13.752979],[42.78125,13.769287],[42.794141,13.766113],[42.755859,13.704297],[42.689746,13.673633]]],[[[42.774219,13.950244],[42.756055,13.954883],[42.694043,14.00791],[42.762109,14.06748],[42.79834,14.012256],[42.787402,13.971484],[42.774219,13.950244]]],[[[53.824805,12.624805],[53.918555,12.659424],[54.187402,12.664014],[54.511133,12.552783],[54.45,12.523438],[54.41377,12.483301],[54.271289,12.446631],[54.129492,12.360645],[53.718848,12.318994],[53.59834,12.342285],[53.499414,12.425342],[53.31582,12.533154],[53.388477,12.601855],[53.403906,12.63335],[53.430957,12.663574],[53.534961,12.715771],[53.638477,12.707373],[53.763184,12.636816],[53.824805,12.624805]]]]}},{"type":"Feature","properties":{"code":"UZB","name_en":"Uzbekistan","name_fa":"ازبکستان"},"geometry":{"type":"MultiPolygon","coordinates":[[[[70.979004,42.266553],[71.036035,42.284668],[71.12998,42.25],[71.212695,42.206445],[71.232324,42.186279],[71.228516,42.162891],[71.032227,42.077783],[70.910352,42.037988],[70.856641,42.030811],[70.841895,42.019629],[70.80332,41.922656],[70.727734,41.905225],[70.630859,41.875488],[70.562891,41.830811],[70.45498,41.725049],[70.180957,41.571436],[70.176953,41.53999],[70.200879,41.514453],[70.290039,41.496826],[70.407813,41.449561],[70.471387,41.412646],[70.645898,41.460352],[70.688867,41.449805],[70.734375,41.400537],[70.782422,41.2625],[70.860449,41.224902],[70.962598,41.195996],[71.025977,41.186572],[71.110742,41.152637],[71.223438,41.139941],[71.298828,41.15249],[71.393066,41.123389],[71.408398,41.136035],[71.420898,41.341895],[71.5,41.307471],[71.545605,41.308057],[71.585547,41.333252],[71.60625,41.367432],[71.619629,41.435449],[71.602246,41.503271],[71.6375,41.53418],[71.664941,41.541211],[71.685156,41.533008],[71.697266,41.515576],[71.700684,41.454004],[71.757715,41.428027],[71.79248,41.413135],[71.825781,41.361035],[71.858008,41.311377],[71.878613,41.19502],[71.958496,41.187061],[72.052441,41.164746],[72.11543,41.186572],[72.164258,41.17373],[72.180957,41.118457],[72.180664,41.066846],[72.187305,41.025928],[72.213086,41.014258],[72.294922,41.039941],[72.364063,41.043457],[72.427344,41.018945],[72.505957,40.981689],[72.62041,40.883789],[72.658301,40.869922],[72.830957,40.862158],[72.866602,40.842334],[72.925977,40.842432],[72.990039,40.860107],[73.132129,40.828516],[73.136914,40.810645],[73.112891,40.786035],[72.773828,40.650391],[72.748828,40.608691],[72.67959,40.555615],[72.604102,40.525439],[72.56748,40.524365],[72.402051,40.578076],[72.382617,40.565137],[72.369043,40.543457],[72.369727,40.519727],[72.405957,40.463086],[72.389258,40.427393],[72.357715,40.40166],[72.254004,40.424219],[72.234668,40.438623],[72.232813,40.454395],[72.192871,40.454443],[72.13125,40.438623],[72.012598,40.340723],[71.971094,40.289502],[71.955664,40.258594],[71.902734,40.240967],[71.84541,40.234326],[71.772656,40.188037],[71.69248,40.152344],[71.666797,40.178613],[71.650879,40.208008],[71.629883,40.217139],[71.580469,40.210254],[71.52041,40.208984],[71.457422,40.241992],[71.376172,40.275195],[71.304688,40.286914],[71.094531,40.27124],[70.990625,40.254883],[70.958008,40.238867],[70.899414,40.23457],[70.653125,40.201172],[70.602734,40.21416],[70.56582,40.267139],[70.533594,40.324512],[70.469922,40.345361],[70.398242,40.361377],[70.371582,40.384131],[70.369727,40.412012],[70.377148,40.439258],[70.382617,40.453516],[70.548828,40.562793],[70.69834,40.661182],[70.712012,40.669092],[70.725586,40.687793],[70.751074,40.721777],[70.750977,40.7396],[70.63916,40.778564],[70.634766,40.796582],[70.657324,40.815088],[70.657324,40.839648],[70.578223,40.911475],[70.441504,41.023438],[70.401953,41.035107],[70.372656,41.027637],[70.318945,40.919238],[70.29209,40.891699],[70.136328,40.82041],[70.005664,40.771436],[69.773242,40.684277],[69.712891,40.656982],[69.670801,40.661963],[69.628418,40.679053],[69.498242,40.76709],[69.413867,40.797168],[69.357227,40.767383],[69.309375,40.723926],[69.313965,40.634766],[69.259961,40.587646],[69.20625,40.566553],[69.304199,40.327393],[69.294434,40.296582],[69.219531,40.288135],[69.274902,40.198096],[69.22832,40.187598],[69.110352,40.20874],[68.951758,40.222607],[68.652539,40.182666],[68.630664,40.16709],[68.622461,40.147266],[68.639746,40.129199],[68.78457,40.1271],[68.926855,40.136328],[68.966016,40.11958],[68.97207,40.089941],[68.955664,40.071338],[68.908496,40.068213],[68.804688,40.050342],[68.792773,40.031494],[68.789453,40.01333],[68.824414,39.960791],[68.863867,39.927344],[68.86875,39.907471],[68.852246,39.890967],[68.832422,39.884326],[68.797656,39.909131],[68.777832,39.904199],[68.767969,39.881836],[68.758203,39.855566],[68.735254,39.83623],[68.686914,39.846289],[68.638965,39.838867],[68.610352,39.743262],[68.586133,39.634961],[68.506934,39.562793],[68.463281,39.536719],[68.399023,39.528857],[68.303027,39.537695],[68.244922,39.548291],[68.077148,39.56416],[67.908594,39.593799],[67.719043,39.621387],[67.54248,39.557617],[67.491699,39.51875],[67.45957,39.482422],[67.426172,39.465576],[67.349609,39.24209],[67.357617,39.216699],[67.400391,39.19668],[67.616504,39.150293],[67.64834,39.131055],[67.667285,39.10918],[67.676563,39.008496],[67.694434,38.994629],[67.768555,38.982227],[67.875684,38.983008],[67.95957,38.99292],[68.044336,38.983594],[68.103516,38.962012],[68.13252,38.927637],[68.148535,38.890625],[68.047852,38.669287],[68.055957,38.588916],[68.087207,38.473535],[68.144141,38.383105],[68.251367,38.294531],[68.333105,38.237793],[68.350293,38.211035],[68.354492,38.169531],[68.341211,38.116797],[68.294043,38.03291],[68.236523,37.959668],[68.174023,37.928418],[68.087598,37.835449],[68.010938,37.720947],[67.863574,37.570703],[67.814355,37.487012],[67.798047,37.244971],[67.758984,37.172217],[67.75293,37.199805],[67.7,37.227246],[67.607422,37.22251],[67.546484,37.235645],[67.517285,37.26665],[67.441699,37.258008],[67.319727,37.20957],[67.195508,37.235205],[67.068848,37.334814],[66.827734,37.371289],[66.522266,37.348486],[66.510645,37.458691],[66.511328,37.59917],[66.525586,37.785742],[66.629297,37.932031],[66.626367,37.959863],[66.60625,37.986719],[66.574512,38.010791],[66.389746,38.050928],[66.335352,38.072168],[66.263672,38.118066],[66.173145,38.166699],[66.094824,38.200146],[65.971191,38.244238],[65.857129,38.26875],[65.790234,38.250049],[65.728516,38.226367],[65.670898,38.225732],[65.612891,38.238574],[65.399609,38.348828],[65.07666,38.539453],[64.820703,38.672461],[64.659961,38.736035],[64.621875,38.756445],[64.531641,38.816211],[64.309961,38.977295],[64.162793,38.953613],[63.952539,39.05835],[63.763672,39.160547],[63.720801,39.188135],[63.506055,39.3771],[63.291895,39.499512],[63.058105,39.633154],[62.906836,39.716797],[62.650684,39.858496],[62.525488,39.944092],[62.483203,39.975635],[62.441602,40.03623],[62.375,40.33208],[62.298047,40.46748],[62.188477,40.541211],[62.09502,40.683301],[62.017578,40.893799],[61.953516,41.030615],[61.902832,41.093701],[61.799902,41.163428],[61.644531,41.239844],[61.496973,41.276074],[61.443652,41.274609],[61.417383,41.265137],[61.3875,41.252148],[61.328906,41.195117],[61.242383,41.189209],[61.179297,41.190576],[61.119922,41.210889],[60.933203,41.229004],[60.867188,41.248682],[60.754883,41.245752],[60.513574,41.216162],[60.45498,41.221631],[60.2,41.348975],[60.089648,41.399414],[60.067383,41.427344],[60.06875,41.476221],[60.106055,41.545215],[60.137988,41.594141],[60.124023,41.644971],[60.075586,41.700537],[60.075586,41.759668],[60.108594,41.792676],[60.176367,41.782275],[60.200781,41.803125],[60.19209,41.834424],[60.155566,41.857031],[60.106934,41.907422],[59.962598,41.954395],[59.941797,41.973535],[59.949316,41.99541],[59.974121,42.018799],[59.979199,42.068066],[59.981641,42.131738],[60.000781,42.164746],[60.006055,42.19082],[59.985156,42.211719],[59.936523,42.236035],[59.858301,42.295166],[59.762598,42.301562],[59.451074,42.299512],[59.354297,42.323291],[59.276563,42.356152],[59.199121,42.481689],[59.15957,42.511426],[59.123145,42.523779],[59.03584,42.528125],[58.930859,42.540283],[58.876953,42.561475],[58.72998,42.676172],[58.589063,42.778467],[58.532324,42.681934],[58.477148,42.662842],[58.353125,42.671729],[58.259668,42.688086],[58.206445,42.666309],[58.151563,42.628076],[58.162012,42.602979],[58.204102,42.576367],[58.288672,42.527295],[58.418164,42.406689],[58.476953,42.340137],[58.48584,42.316846],[58.474414,42.299365],[58.457031,42.291797],[58.431445,42.29209],[58.39707,42.29248],[58.377148,42.312451],[58.370508,42.346777],[58.327246,42.398926],[58.28291,42.428857],[58.234082,42.447705],[58.165625,42.461572],[58.075488,42.486523],[58.028906,42.487646],[57.983496,42.458789],[57.945703,42.42002],[57.923438,42.335205],[57.855957,42.231055],[57.814258,42.189844],[57.686133,42.164795],[57.381738,42.156299],[57.290625,42.123779],[57.228809,42.084473],[57.113574,41.957129],[57.033691,41.914844],[56.964063,41.856543],[56.984863,41.669336],[57.018164,41.450586],[57.07666,41.38999],[57.113867,41.371777],[57.118848,41.350293],[57.094824,41.331299],[57.064258,41.307275],[57.017969,41.263477],[56.96582,41.265137],[56.86084,41.276123],[56.773633,41.287988],[56.479883,41.300635],[56.241992,41.31084],[55.977441,41.322217],[55.977344,41.551758],[55.977148,41.781348],[55.977051,42.010889],[55.976953,42.24043],[55.976855,42.469971],[55.976758,42.699512],[55.97666,42.929053],[55.976562,43.158594],[55.976465,43.388086],[55.976367,43.617627],[55.97627,43.847217],[55.976172,44.076758],[55.976074,44.306299],[55.975977,44.53584],[55.975781,44.765381],[55.975684,44.994922],[56.100488,45.023389],[56.25791,45.059326],[56.40918,45.093799],[56.58877,45.134766],[56.791895,45.181055],[56.965039,45.220605],[57.17168,45.267725],[57.329297,45.303662],[57.477344,45.337451],[57.666699,45.377441],[57.961035,45.439697],[58.125195,45.474365],[58.291113,45.509424],[58.449414,45.54292],[58.555273,45.555371],[58.668945,45.507568],[58.807031,45.441797],[58.945117,45.375977],[59.083398,45.310205],[59.221484,45.244434],[59.35957,45.178613],[59.497852,45.112842],[59.635938,45.04707],[59.774023,44.981299],[59.912207,44.915576],[60.050293,44.849756],[60.188477,44.783984],[60.32666,44.718213],[60.464746,44.652441],[60.60293,44.586621],[60.741113,44.52085],[60.879199,44.455078],[61.00791,44.393799],[61.065332,44.348389],[61.09707,44.248242],[61.160742,44.168604],[61.271484,44.082275],[61.385059,43.993945],[61.525879,43.877197],[61.623633,43.796191],[61.723242,43.713574],[61.887598,43.577246],[61.990234,43.492139],[62.071973,43.489355],[62.237891,43.50957],[62.459375,43.536621],[62.634473,43.558008],[62.846191,43.583887],[63.047656,43.608496],[63.207031,43.627979],[63.444824,43.613232],[63.679688,43.598633],[63.848145,43.588135],[64.013281,43.577832],[64.208789,43.565723],[64.318164,43.558936],[64.443164,43.551172],[64.496094,43.571631],[64.604102,43.613477],[64.706055,43.652979],[64.811816,43.693945],[64.905469,43.714697],[65.003125,43.649072],[65.084863,43.573682],[65.170898,43.494189],[65.270508,43.417529],[65.366504,43.372021],[65.496191,43.310547],[65.570703,43.205176],[65.670215,43.0646],[65.735645,42.972119],[65.803027,42.876953],[65.901074,42.914502],[66.005664,42.95459],[66.100293,42.99082],[66.088867,42.873389],[66.078516,42.76665],[66.062695,42.605176],[66.049805,42.472754],[66.015527,42.314795],[66.013184,42.194482],[66.01123,42.08877],[66.00957,42.004883],[66.193164,42.001123],[66.328809,41.99834],[66.498633,41.994873],[66.515039,41.889404],[66.537891,41.74126],[66.572559,41.606982],[66.60166,41.494336],[66.645313,41.348633],[66.668652,41.270752],[66.709668,41.17915],[66.749805,41.15708],[66.814258,41.142383],[67.038672,41.15332],[67.225,41.162354],[67.371582,41.169531],[67.528027,41.177148],[67.735059,41.187256],[67.805078,41.163916],[67.865723,41.180273],[67.935742,41.196582],[67.991406,41.130029],[68.019727,41.09624],[68.059375,41.061279],[68.113086,41.028613],[68.090332,40.960254],[68.057031,40.860596],[68.047656,40.809277],[68.112305,40.754053],[68.160254,40.721777],[68.291895,40.656104],[68.415039,40.619434],[68.495703,40.608643],[68.572656,40.622656],[68.600684,40.659961],[68.593652,40.711279],[68.556543,40.765137],[68.559277,40.829297],[68.584082,40.87627],[68.662793,40.961523],[68.737109,41.041895],[68.851172,41.123828],[68.986914,41.205029],[69.043457,41.264111],[69.064941,41.366943],[69.153613,41.425244],[69.249316,41.460254],[69.368359,41.490576],[69.400977,41.541895],[69.565137,41.629053],[69.663867,41.672119],[69.788086,41.697314],[69.959961,41.754053],[70.095605,41.820508],[70.225879,41.945996],[70.328906,42.027979],[70.416016,42.078564],[70.489063,42.080273],[70.540137,42.039453],[70.584277,42.036035],[70.613281,42.054736],[70.6625,42.107471],[70.715234,42.168652],[70.764551,42.194189],[70.860352,42.207227],[70.946777,42.248682],[70.979004,42.266553]],[[70.649219,40.96084],[70.618359,41.00166],[70.57207,41.024805],[70.55,41.014893],[70.56875,40.981836],[70.622754,40.934424],[70.652539,40.936621],[70.649219,40.96084]]],[[[71.15625,39.883447],[71.064258,39.884912],[71.011719,39.895117],[71.043652,39.976318],[71.044824,39.992529],[71.041016,39.994922],[71.014453,40.005762],[70.974414,40.038867],[70.960645,40.087988],[70.97627,40.133252],[71.005469,40.152295],[71.024121,40.14917],[71.080371,40.079883],[71.130273,40.059668],[71.228711,40.048145],[71.179297,39.979834],[71.215625,39.906787],[71.206152,39.892578],[71.15625,39.883447]]],[[[71.75293,39.907129],[71.705859,39.917432],[71.668945,39.946094],[71.68125,39.968652],[71.736523,39.980957],[71.765332,39.993262],[71.789941,39.995312],[71.779688,39.950244],[71.75293,39.907129]]]]}},{"type":"Feature","properties":{"code":"ARE","name_en":"United Arab Emirates","name_fa":"امارات متحده عربی"},"geometry":{"type":"MultiPolygon","coordinates":[[[[56.363477,25.569385],[56.372852,25.018311],[56.387988,24.979199],[56.35293,24.973291],[56.313574,24.931299],[56.267871,24.866699],[56.204688,24.833301],[56.154492,24.795508],[56.106543,24.748682],[56.063867,24.73877],[56.008398,24.798242],[55.970313,24.858936],[55.979688,24.87207],[56.006348,24.876416],[56.016699,24.907715],[56.000586,24.953223],[55.963086,24.970264],[55.91582,24.971777],[55.870703,24.951416],[55.822852,24.911279],[55.795703,24.868115],[55.791602,24.781299],[55.804199,24.683594],[55.803906,24.63623],[55.777539,24.577344],[55.768164,24.490625],[55.786816,24.423535],[55.804004,24.383545],[55.805664,24.349805],[55.76084,24.242676],[55.799707,24.222656],[55.928613,24.215137],[55.966309,24.142627],[55.992188,24.092969],[55.985156,24.063379],[55.894141,24.041406],[55.779102,24.01709],[55.696582,24.024121],[55.547852,23.991357],[55.468457,23.941113],[55.491797,23.909668],[55.519336,23.885498],[55.531641,23.819043],[55.508496,23.724609],[55.466309,23.63291],[55.413867,23.51875],[55.353223,23.387451],[55.270215,23.189941],[55.199902,23.034766],[55.192188,22.922949],[55.194043,22.85],[55.18584,22.704102],[55.119434,22.623926],[55.104297,22.621484],[55.025,22.631152],[54.998242,22.634375],[54.922461,22.643652],[54.804883,22.658008],[54.652246,22.67666],[54.47168,22.69873],[54.270117,22.72334],[54.05459,22.749658],[53.832129,22.776807],[53.60957,22.804004],[53.394043,22.830322],[53.192383,22.854932],[53.011914,22.877002],[52.859277,22.895605],[52.741602,22.91001],[52.665918,22.919287],[52.63916,22.92251],[52.555078,22.932812],[52.50957,22.986963],[52.45459,23.052441],[52.399609,23.117969],[52.344531,23.183496],[52.289551,23.248975],[52.23457,23.314453],[52.179492,23.37998],[52.124512,23.445459],[52.069434,23.510986],[52.014453,23.576465],[51.959473,23.641992],[51.904395,23.70752],[51.849414,23.772998],[51.794336,23.838477],[51.739355,23.904004],[51.684375,23.969531],[51.629297,24.03501],[51.592578,24.078857],[51.572168,24.12832],[51.568359,24.25791],[51.568359,24.286182],[51.605469,24.338428],[51.623145,24.301074],[51.664551,24.250439],[51.734766,24.262793],[51.767578,24.254395],[51.791699,24.074756],[51.843164,24.010889],[51.906055,23.985352],[52.118555,23.971094],[52.250879,23.995215],[52.511426,24.1125],[52.648242,24.154639],[53.026367,24.147314],[53.32959,24.098438],[53.801758,24.069482],[53.893359,24.077051],[54.147949,24.171191],[54.304297,24.254297],[54.39707,24.278174],[54.458398,24.358252],[54.498828,24.462695],[54.534668,24.530957],[54.580469,24.563525],[54.624121,24.621289],[54.658984,24.715527],[54.746777,24.810449],[55.098145,25.041602],[55.303516,25.236816],[55.32168,25.299805],[55.433398,25.394482],[55.522852,25.498145],[55.941211,25.793994],[56.025195,25.916016],[56.074609,26.052783],[56.080469,26.062646],[56.116504,26.068164],[56.16748,26.047461],[56.172559,25.945166],[56.154102,25.848486],[56.151953,25.746094],[56.144629,25.690527],[56.183594,25.644922],[56.249512,25.625391],[56.278516,25.627734],[56.297852,25.650684],[56.363477,25.569385]],[[56.287793,25.278613],[56.277344,25.300879],[56.234277,25.303809],[56.216504,25.266699],[56.210547,25.213281],[56.240234,25.208838],[56.281836,25.235547],[56.287793,25.278613]]],[[[53.258301,24.25293],[53.190918,24.290918],[53.33252,24.341602],[53.370898,24.364453],[53.412402,24.411035],[53.445312,24.371191],[53.408984,24.30791],[53.382617,24.280859],[53.332227,24.258594],[53.258301,24.25293]]],[[[52.6,24.281299],[52.582227,24.335254],[52.583594,24.352344],[52.629395,24.376758],[52.657617,24.332617],[52.616895,24.288574],[52.6,24.281299]]],[[[53.928125,24.143359],[53.826367,24.153125],[53.799121,24.135547],[53.71582,24.145313],[53.634473,24.169775],[53.689648,24.210791],[53.833789,24.258936],[53.89375,24.215137],[53.927832,24.177197],[53.928125,24.143359]]],[[[54.456641,24.42334],[54.428418,24.425098],[54.357715,24.442773],[54.334766,24.471045],[54.378906,24.50459],[54.39834,24.506348],[54.426563,24.471045],[54.46543,24.442773],[54.456641,24.42334]]]]}},{"type":"Feature","properties":{"code":"UKR","name_en":"Ukraine","name_fa":"اوکراین"},"geometry":{"type":"MultiPolygon","coordinates":[[[[38.17832,47.080225],[37.828711,47.09585],[37.761147,47.090809],[37.543359,47.074561],[37.339844,46.916895],[37.218555,46.917334],[37.047559,46.876221],[36.932031,46.825146],[36.794824,46.714404],[36.688672,46.764111],[36.558789,46.762695],[36.432031,46.732568],[36.279492,46.658594],[36.194629,46.645508],[36.024902,46.666797],[35.827148,46.624316],[35.400195,46.381396],[35.256641,46.203906],[35.204395,46.169189],[35.132324,46.125879],[35.055273,46.104004],[35.014551,46.106006],[35.217773,46.232178],[35.280176,46.279492],[35.290918,46.314404],[35.291992,46.370703],[35.230371,46.440625],[35.064063,46.267236],[34.969531,46.24209],[34.849609,46.189893],[34.84375,46.073584],[34.857324,45.987354],[34.906641,45.878809],[35.001674,45.733383],[34.946428,45.728686],[34.799726,45.790752],[34.794084,45.892315],[34.686878,45.97695],[34.523249,45.97695],[34.449898,45.965666],[34.353978,46.061586],[34.224203,46.101083],[34.128283,46.089798],[34.02672,46.106725],[33.806667,46.208288],[33.659965,46.219573],[33.654323,46.146222],[33.594141,46.09624],[33.498828,46.078857],[33.429883,46.057617],[33.263477,46.125684],[33.202246,46.175732],[32.941797,46.123779],[32.796875,46.131494],[32.476758,46.083691],[32.329883,46.130371],[32.035742,46.260986],[31.925195,46.287256],[31.83125,46.281689],[31.77998,46.324658],[31.842871,46.346143],[31.915918,46.348682],[31.991699,46.364404],[32.013086,46.387158],[32.008496,46.42998],[31.855762,46.462451],[31.713672,46.471777],[31.623633,46.510254],[31.554883,46.554297],[31.716016,46.55498],[31.87793,46.52168],[32.131445,46.509375],[32.361328,46.474951],[32.418945,46.517773],[32.552539,46.591992],[32.578027,46.615625],[32.354102,46.564844],[32.127246,46.597217],[32.044336,46.64248],[31.974316,46.708789],[31.944922,46.784375],[31.964063,46.854834],[31.939551,46.981982],[31.864746,47.095117],[31.838184,47.157227],[31.75918,47.212842],[31.836914,47.087012],[31.865918,47.003271],[31.912695,46.926123],[31.90166,46.721631],[31.872852,46.649756],[31.77959,46.631641],[31.657031,46.642432],[31.532129,46.664746],[31.563379,46.777295],[31.496875,46.738379],[31.40293,46.628809],[31.320313,46.6125],[31.136816,46.624463],[30.796289,46.552002],[30.772852,46.473047],[30.72168,46.366211],[30.672266,46.304004],[30.656738,46.266504],[30.511523,46.105371],[30.492969,46.090137],[30.219043,45.866748],[30.18418,45.849951],[30.006641,45.797949],[30.0,45.79506716999267],[30.0,46.37108252050775],[30.075684,46.377832],[30.10752,46.401562],[30.131055,46.423096],[30.0,46.49648499968076],[30.0,51.47214626116104],[30.06377,51.482031],[30.160742,51.477881],[30.219531,51.451221],[30.308984,51.399609],[30.333398,51.325537],[30.449512,51.274316],[30.544531,51.265039],[30.576953,51.318359],[30.63252,51.35542],[30.611719,51.406348],[30.602344,51.47124],[30.560742,51.531494],[30.533008,51.596338],[30.583887,51.688965],[30.639453,51.770068],[30.667285,51.814111],[30.755273,51.895166],[30.845703,51.953076],[30.980664,52.046191],[31.079297,52.076953],[31.168457,52.062939],[31.217969,52.050244],[31.345996,52.105371],[31.57373,52.108105],[31.763379,52.101074],[31.782422,52.099414],[31.875586,52.070898],[31.973828,52.046631],[32.041602,52.04502],[32.122266,52.050586],[32.216797,52.082959],[32.282813,52.114014],[32.362988,52.272119],[32.391309,52.294824],[32.435449,52.307227],[32.50791,52.308545],[32.64541,52.279102],[32.806445,52.252637],[32.899707,52.256348],[33.148438,52.34043],[33.287109,52.353564],[33.451855,52.333789],[33.613379,52.332617],[33.735254,52.344775],[33.818848,52.315625],[33.92207,52.251465],[34.015332,52.155957],[34.113086,51.979639],[34.397852,51.78042],[34.402734,51.741504],[34.379297,51.716504],[34.23916,51.692236],[34.121094,51.67915],[34.11543,51.644971],[34.146777,51.607959],[34.200879,51.553809],[34.209277,51.484082],[34.206543,51.419922],[34.229883,51.363232],[34.275,51.340186],[34.280664,51.31167],[34.228418,51.276855],[34.213867,51.255371],[34.23418,51.243799],[34.491016,51.237061],[34.616797,51.203125],[34.712305,51.172217],[34.760352,51.169336],[34.868555,51.189209],[34.990234,51.201758],[35.064063,51.203418],[35.092578,51.180664],[35.115332,51.12085],[35.158105,51.060986],[35.198047,51.043896],[35.269141,51.046777],[35.311914,51.043896],[35.334766,51.021143],[35.309082,50.986914],[35.314746,50.949902],[35.346094,50.904297],[35.383203,50.798926],[35.417383,50.767578],[35.440137,50.727686],[35.440137,50.68208],[35.411621,50.642236],[35.391699,50.610937],[35.411621,50.539697],[35.488477,50.459912],[35.545508,50.43999],[35.591113,50.36875],[35.67373,50.345996],[35.796191,50.405762],[35.890234,50.437109],[36.007812,50.419678],[36.116406,50.408545],[36.189453,50.367822],[36.243359,50.311768],[36.306055,50.280469],[36.368848,50.296826],[36.499805,50.280469],[36.559668,50.234863],[36.619434,50.209229],[36.696387,50.24624],[36.759082,50.291846],[36.988477,50.339551],[37.13125,50.351514],[37.171094,50.360889],[37.254883,50.394971],[37.343164,50.417627],[37.422852,50.411475],[37.501367,50.340723],[37.582324,50.291846],[37.605078,50.214941],[37.704199,50.109082],[37.950293,49.964209],[38.046875,49.92002],[38.1125,49.927832],[38.146777,49.939404],[38.162695,49.954541],[38.177539,50.025391],[38.208691,50.051465],[38.258594,50.052344],[38.451172,49.964062],[38.551953,49.95459],[38.647754,49.952881],[38.77666,49.884326],[38.918359,49.824707],[39.027734,49.818408],[39.114941,49.841748],[39.174805,49.855957],[39.211816,49.833203],[39.245996,49.781934],[39.30293,49.742041],[39.368457,49.730664],[39.462793,49.728027],[39.626563,49.650684],[39.780566,49.572021],[39.876855,49.567676],[39.958496,49.590771],[40.030664,49.596729],[40.080664,49.576855],[40.094922,49.542676],[40.057813,49.49707],[40.057813,49.431543],[40.126172,49.368848],[40.12832,49.307227],[40.108789,49.251562],[40.07002,49.200293],[39.976367,49.129834],[39.889746,49.064062],[39.759473,49.036572],[39.686523,49.00791],[39.705664,48.95957],[39.75332,48.914453],[39.86377,48.877979],[39.98916,48.851416],[40.003613,48.82207],[39.984473,48.807373],[39.904102,48.79375],[39.792871,48.807715],[39.755859,48.78208],[39.70459,48.739355],[39.67041,48.662451],[39.644727,48.591211],[39.76543,48.571875],[39.835645,48.542773],[39.85752,48.484229],[39.882617,48.419092],[39.889844,48.360449],[39.849902,48.331934],[39.847461,48.302783],[39.866309,48.288428],[39.918164,48.281934],[39.95791,48.268896],[39.961035,48.237939],[39.885059,48.168359],[39.813965,48.035303],[39.775781,47.964453],[39.778711,47.887549],[39.735938,47.844824],[39.658496,47.841211],[39.391016,47.83374],[39.158496,47.837402],[39.057813,47.848486],[38.900293,47.855127],[38.822266,47.837012],[38.718945,47.714111],[38.640625,47.665918],[38.510938,47.622412],[38.368848,47.609961],[38.287402,47.55918],[38.258789,47.479541],[38.256543,47.408936],[38.243262,47.373682],[38.212402,47.342773],[38.201367,47.320801],[38.208008,47.296533],[38.241016,47.287695],[38.280762,47.27666],[38.280762,47.259033],[38.265332,47.236963],[38.221191,47.212744],[38.201367,47.175244],[38.205859,47.135596],[38.214355,47.091455],[38.17832,47.080225]]],[[[32.150098,46.154687],[32.009375,46.167822],[31.700195,46.214062],[31.563867,46.257764],[31.528711,46.306592],[31.508789,46.373145],[31.584863,46.303174],[31.638477,46.272559],[32.012207,46.203906],[32.150098,46.154687]]]]}},{"type":"Feature","properties":{"code":"TKM","name_en":"Turkmenistan","name_fa":"ترکمنستان"},"geometry":{"type":"MultiPolygon","coordinates":[[[[53.100195,38.756152],[53.045898,38.897217],[53.018555,39.052734],[53.05332,39.096582],[53.092188,39.094092],[53.055176,39.037939],[53.10957,38.803076],[53.100195,38.756152]]],[[[56.241992,41.31084],[56.479883,41.300635],[56.773633,41.287988],[56.86084,41.276123],[56.96582,41.265137],[57.017969,41.263477],[57.064258,41.307275],[57.094824,41.331299],[57.118848,41.350293],[57.113867,41.371777],[57.07666,41.38999],[57.018164,41.450586],[56.984863,41.669336],[56.964063,41.856543],[57.033691,41.914844],[57.113574,41.957129],[57.228809,42.084473],[57.290625,42.123779],[57.381738,42.156299],[57.686133,42.164795],[57.814258,42.189844],[57.855957,42.231055],[57.923438,42.335205],[57.945703,42.42002],[57.983496,42.458789],[58.028906,42.487646],[58.075488,42.486523],[58.165625,42.461572],[58.234082,42.447705],[58.28291,42.428857],[58.327246,42.398926],[58.370508,42.346777],[58.377148,42.312451],[58.39707,42.29248],[58.431445,42.29209],[58.457031,42.291797],[58.474414,42.299365],[58.48584,42.316846],[58.476953,42.340137],[58.418164,42.406689],[58.288672,42.527295],[58.204102,42.576367],[58.162012,42.602979],[58.151563,42.628076],[58.206445,42.666309],[58.259668,42.688086],[58.353125,42.671729],[58.477148,42.662842],[58.532324,42.681934],[58.589063,42.778467],[58.72998,42.676172],[58.876953,42.561475],[58.930859,42.540283],[59.03584,42.528125],[59.123145,42.523779],[59.15957,42.511426],[59.199121,42.481689],[59.276563,42.356152],[59.354297,42.323291],[59.451074,42.299512],[59.762598,42.301562],[59.858301,42.295166],[59.936523,42.236035],[59.985156,42.211719],[60.006055,42.19082],[60.000781,42.164746],[59.981641,42.131738],[59.979199,42.068066],[59.974121,42.018799],[59.949316,41.99541],[59.941797,41.973535],[59.962598,41.954395],[60.106934,41.907422],[60.155566,41.857031],[60.19209,41.834424],[60.200781,41.803125],[60.176367,41.782275],[60.108594,41.792676],[60.075586,41.759668],[60.075586,41.700537],[60.124023,41.644971],[60.137988,41.594141],[60.106055,41.545215],[60.06875,41.476221],[60.067383,41.427344],[60.089648,41.399414],[60.2,41.348975],[60.45498,41.221631],[60.513574,41.216162],[60.754883,41.245752],[60.867188,41.248682],[60.933203,41.229004],[61.119922,41.210889],[61.179297,41.190576],[61.242383,41.189209],[61.328906,41.195117],[61.3875,41.252148],[61.417383,41.265137],[61.443652,41.274609],[61.496973,41.276074],[61.644531,41.239844],[61.799902,41.163428],[61.902832,41.093701],[61.953516,41.030615],[62.017578,40.893799],[62.09502,40.683301],[62.188477,40.541211],[62.298047,40.46748],[62.375,40.33208],[62.441602,40.03623],[62.483203,39.975635],[62.525488,39.944092],[62.650684,39.858496],[62.906836,39.716797],[63.058105,39.633154],[63.291895,39.499512],[63.506055,39.3771],[63.720801,39.188135],[63.763672,39.160547],[63.952539,39.05835],[64.162793,38.953613],[64.309961,38.977295],[64.531641,38.816211],[64.621875,38.756445],[64.659961,38.736035],[64.820703,38.672461],[65.07666,38.539453],[65.399609,38.348828],[65.612891,38.238574],[65.670898,38.225732],[65.728516,38.226367],[65.790234,38.250049],[65.857129,38.26875],[65.971191,38.244238],[66.094824,38.200146],[66.173145,38.166699],[66.263672,38.118066],[66.335352,38.072168],[66.389746,38.050928],[66.574512,38.010791],[66.60625,37.986719],[66.626367,37.959863],[66.629297,37.932031],[66.525586,37.785742],[66.511328,37.59917],[66.510645,37.458691],[66.522266,37.348486],[66.471875,37.344727],[66.350293,37.368164],[66.108398,37.414746],[65.900684,37.508105],[65.765039,37.569141],[65.743848,37.56084],[65.683008,37.519141],[65.641211,37.467822],[65.608008,37.368408],[65.55498,37.251172],[65.303613,37.246777],[65.089648,37.237939],[64.951563,37.193555],[64.816309,37.13208],[64.782422,37.059277],[64.753125,36.964795],[64.674316,36.750195],[64.602539,36.554541],[64.56582,36.427588],[64.511035,36.340674],[64.358008,36.226074],[64.184375,36.148926],[64.092188,36.112695],[64.051367,36.067627],[64.042383,36.025098],[64.009668,36.012109],[63.938086,36.019727],[63.8625,36.012354],[63.696582,35.967822],[63.516992,35.913135],[63.30166,35.858398],[63.178906,35.858447],[63.12998,35.846191],[63.108594,35.818701],[63.12998,35.766748],[63.150781,35.728271],[63.169727,35.678125],[63.119336,35.637549],[63.08418,35.568066],[63.056641,35.445801],[62.980273,35.40918],[62.858008,35.349658],[62.722656,35.271338],[62.688086,35.255322],[62.610547,35.233154],[62.533105,35.239893],[62.462891,35.251367],[62.386621,35.23125],[62.307813,35.170801],[62.271191,35.189111],[62.252832,35.250244],[62.213086,35.289941],[62.089648,35.379687],[61.983887,35.443701],[61.938086,35.4479],[61.841016,35.431494],[61.719727,35.419434],[61.620996,35.432324],[61.542773,35.457861],[61.421777,35.545801],[61.377734,35.593115],[61.344727,35.629492],[61.262012,35.61958],[61.238867,35.659277],[61.235547,35.705566],[61.258691,35.761816],[61.252148,35.867627],[61.205859,35.943701],[61.15293,35.976758],[61.159473,35.999902],[61.182617,36.052832],[61.212402,36.099121],[61.212012,36.190527],[61.175098,36.289697],[61.160352,36.432715],[61.169922,36.572266],[61.119629,36.642578],[60.70791,36.642969],[60.341309,36.637646],[60.320703,36.653564],[60.17832,36.829443],[60.062793,36.962891],[59.948633,37.041602],[59.687207,37.138477],[59.562207,37.178906],[59.45498,37.252832],[59.367383,37.33374],[59.344727,37.444727],[59.326953,37.481152],[59.301758,37.510645],[59.274121,37.52373],[59.24082,37.520752],[58.937207,37.649658],[58.81543,37.683496],[58.700781,37.65625],[58.650195,37.651562],[58.550488,37.688184],[58.435742,37.638525],[58.386719,37.635352],[58.318164,37.647217],[58.261621,37.66582],[58.108789,37.783057],[57.980566,37.830469],[57.888184,37.86084],[57.710547,37.905273],[57.520996,37.928467],[57.423828,37.947705],[57.353711,37.97334],[57.335742,37.989941],[57.336719,38.03291],[57.331445,38.089307],[57.308105,38.130371],[57.260156,38.17959],[57.193555,38.216406],[57.079004,38.209961],[56.906641,38.213037],[56.774609,38.250049],[56.669922,38.256641],[56.544043,38.249609],[56.440625,38.249414],[56.366895,38.22251],[56.324121,38.191113],[56.296973,38.094824],[56.27207,38.08042],[56.228809,38.073389],[56.171191,38.078369],[56.050293,38.077539],[55.841309,38.094629],[55.578418,38.099756],[55.380859,38.051123],[55.224707,37.981348],[55.075586,37.90249],[54.900098,37.77793],[54.848633,37.722656],[54.745215,37.501904],[54.699414,37.470166],[54.639648,37.444727],[54.578906,37.440234],[54.458691,37.407568],[54.299805,37.353613],[54.191602,37.332471],[53.91416,37.343555],[53.897852,37.413574],[53.847852,37.66958],[53.823535,37.92793],[53.825195,38.046924],[53.854102,38.285645],[53.851855,38.405908],[53.840039,38.514941],[53.851562,38.621777],[53.87373,38.741943],[53.885352,38.864062],[53.868652,38.949268],[53.814941,39.018018],[53.724121,39.103076],[53.709766,39.153418],[53.70459,39.20957],[53.617578,39.215967],[53.539453,39.274072],[53.475,39.305713],[53.336328,39.34082],[53.266797,39.342627],[53.20332,39.316797],[53.156641,39.26499],[53.124023,39.34668],[53.124805,39.43208],[53.235645,39.608545],[53.30498,39.55708],[53.389648,39.536426],[53.497363,39.533301],[53.603125,39.546973],[53.582422,39.607422],[53.533301,39.641748],[53.472266,39.668799],[53.450488,39.748535],[53.458301,39.831201],[53.487305,39.909375],[53.454297,39.940869],[53.404199,39.960352],[53.288574,39.958008],[53.138574,39.978662],[52.9875,39.987598],[52.952148,39.895459],[53.035547,39.774414],[52.964844,39.833887],[52.898242,39.9125],[52.804688,40.054004],[52.744434,40.219775],[52.733691,40.39873],[52.784766,40.546729],[52.849902,40.685645],[52.889258,40.863477],[52.943457,41.038086],[52.997656,40.959863],[53.05957,40.889746],[53.145215,40.824951],[53.191992,40.809473],[53.33291,40.782715],[53.423633,40.792773],[53.520313,40.831055],[53.615234,40.818506],[53.69375,40.746436],[53.76377,40.665674],[53.87002,40.648682],[54.088867,40.70708],[54.192969,40.72041],[54.283301,40.693701],[54.329883,40.68877],[54.377344,40.693262],[54.33623,40.764941],[54.319434,40.83457],[54.374414,40.871387],[54.54707,40.832275],[54.657031,40.85835],[54.685059,40.873047],[54.710059,40.891113],[54.723242,40.95127],[54.717969,41.012988],[54.703711,41.071143],[54.671484,41.122168],[54.592188,41.193555],[54.28457,41.363721],[54.181055,41.431592],[54.094824,41.519385],[54.039844,41.643359],[53.995215,41.772559],[53.953809,41.868457],[53.846484,42.091162],[53.804688,42.117627],[53.752344,42.129395],[53.624902,42.136377],[53.495898,42.120166],[53.284961,42.081836],[53.16416,42.093799],[53.108301,42.070068],[52.97002,41.976221],[52.905273,41.895752],[52.814844,41.711816],[52.883496,41.652539],[52.882227,41.613672],[52.830176,41.341895],[52.861816,41.210059],[52.850391,41.200293],[52.825586,41.230859],[52.747266,41.36543],[52.609375,41.529443],[52.493848,41.780371],[52.696875,41.944385],[52.870508,42.060596],[53.0125,42.130713],[53.055859,42.147754],[53.250098,42.205859],[53.500781,42.258252],[53.685352,42.296875],[53.926367,42.329785],[54.005176,42.335889],[54.120996,42.335205],[54.214941,42.304199],[54.271875,42.27998],[54.472852,42.180176],[54.67793,42.078223],[54.853809,41.965186],[54.903711,41.919092],[54.931641,41.864014],[54.952344,41.81001],[55.101855,41.638721],[55.162305,41.560254],[55.249609,41.458105],[55.319727,41.408398],[55.388379,41.346924],[55.434375,41.296289],[55.487012,41.272266],[55.545215,41.262744],[55.678613,41.278809],[55.839063,41.310791],[55.934961,41.324121],[55.977441,41.322217],[56.241992,41.31084]]]]}},{"type":"Feature","properties":{"code":"TUR","name_en":"Turkey","name_fa":"ترکیه"},"geometry":{"type":"Polygon","coordinates":[[[41.576563,41.497314],[41.701758,41.471582],[41.779395,41.440527],[41.823535,41.432373],[41.925781,41.495654],[42.077734,41.494092],[42.211133,41.486719],[42.27998,41.475],[42.364355,41.454004],[42.466406,41.439844],[42.50791,41.470068],[42.567383,41.559277],[42.59043,41.570703],[42.606836,41.578809],[42.682422,41.585742],[42.754102,41.578906],[42.787891,41.563721],[42.82168,41.492383],[42.906738,41.466846],[43.057129,41.352832],[43.149023,41.307129],[43.171289,41.287939],[43.141016,41.264844],[43.152832,41.236426],[43.205469,41.19917],[43.279297,41.185205],[43.358984,41.190137],[43.402344,41.176562],[43.433398,41.155518],[43.441602,41.125977],[43.439453,41.107129],[43.455273,41.064697],[43.51748,41.004834],[43.591699,40.968213],[43.631641,40.929004],[43.696484,40.794141],[43.722656,40.719531],[43.712891,40.647754],[43.667871,40.574072],[43.569336,40.482373],[43.59375,40.444043],[43.61582,40.393311],[43.608398,40.356592],[43.678125,40.239307],[43.709863,40.166504],[43.683301,40.149658],[43.666211,40.126367],[43.791699,40.070264],[43.941992,40.023145],[44.005371,40.014111],[44.178027,40.035742],[44.289258,40.040381],[44.399609,39.995752],[44.560449,39.887598],[44.733789,39.746484],[44.768262,39.703516],[44.783398,39.684668],[44.817188,39.650439],[44.782129,39.651074],[44.725,39.681738],[44.587109,39.768555],[44.516699,39.73125],[44.455957,39.666748],[44.389355,39.422119],[44.335449,39.396045],[44.24043,39.396777],[44.124023,39.405225],[44.043945,39.392969],[44.023242,39.377441],[44.033789,39.351025],[44.05752,39.31084],[44.074316,39.259961],[44.079102,39.218311],[44.121289,39.180615],[44.178027,39.144824],[44.180566,39.108057],[44.171875,39.05625],[44.158789,39.016748],[44.144531,38.994385],[44.170801,38.934375],[44.232422,38.863232],[44.27168,38.836035],[44.257031,38.700635],[44.280176,38.640674],[44.297852,38.557812],[44.29082,38.420117],[44.298535,38.386279],[44.319629,38.374707],[44.375781,38.36958],[44.430859,38.356787],[44.449902,38.334229],[44.449609,38.317773],[44.380859,38.25459],[44.372754,38.209717],[44.348926,38.146484],[44.329395,38.109277],[44.267969,38.038818],[44.228906,37.967187],[44.211328,37.908057],[44.222949,37.880176],[44.33623,37.871777],[44.397754,37.829248],[44.56123,37.744629],[44.589941,37.710352],[44.545313,37.658154],[44.546094,37.636328],[44.567188,37.608643],[44.577148,37.560205],[44.573145,37.506396],[44.574023,37.4354],[44.604102,37.42373],[44.715137,37.357129],[44.794141,37.290381],[44.796777,37.269775],[44.758301,37.21709],[44.766699,37.156348],[44.765137,37.142432],[44.730957,37.165283],[44.669336,37.173584],[44.605957,37.176025],[44.566016,37.158252],[44.495996,37.110547],[44.401953,37.058496],[44.325586,37.010742],[44.281836,36.978027],[44.245703,36.983301],[44.21748,37.011865],[44.20166,37.051807],[44.208398,37.202637],[44.191797,37.249854],[44.15625,37.282959],[44.114453,37.301855],[44.064648,37.312451],[44.013184,37.313525],[43.940039,37.269287],[43.836426,37.223535],[43.675781,37.227246],[43.567969,37.23584],[43.51582,37.244531],[43.306738,37.314648],[43.263086,37.316504],[43.185156,37.344873],[43.09248,37.367383],[42.936621,37.324756],[42.869141,37.334912],[42.774609,37.371875],[42.741113,37.361914],[42.635449,37.249268],[42.455859,37.128711],[42.358984,37.108594],[42.312891,37.22959],[42.268555,37.276562],[42.247559,37.282227],[42.202734,37.297266],[42.167871,37.288623],[42.059863,37.206055],[41.886816,37.156396],[41.743555,37.126123],[41.515527,37.08916],[41.339551,37.070801],[41.264648,37.069336],[41.102148,37.085889],[40.958887,37.10918],[40.815625,37.108154],[40.705664,37.097705],[40.450391,37.008887],[40.016406,36.826074],[39.686523,36.738623],[39.501465,36.702246],[39.356641,36.681592],[39.108398,36.680566],[38.906445,36.694678],[38.766602,36.693115],[38.688867,36.715088],[38.578027,36.789111],[38.44375,36.862256],[38.383984,36.879248],[38.305859,36.893359],[38.191699,36.901562],[37.906641,36.794629],[37.817969,36.765576],[37.720313,36.743701],[37.523535,36.67832],[37.436328,36.643311],[37.327051,36.646582],[37.187402,36.655908],[37.066211,36.652637],[36.985352,36.702393],[36.941797,36.758398],[36.776563,36.792676],[36.658594,36.802539],[36.628418,36.777686],[36.596875,36.701367],[36.54668,36.506348],[36.5375,36.457422],[36.641406,36.263525],[36.636719,36.233984],[36.562402,36.223926],[36.477051,36.220703],[36.421484,36.203467],[36.375391,36.17124],[36.347559,36.003516],[36.248828,35.972705],[36.201953,35.937549],[36.153613,35.833887],[36.127344,35.831445],[35.967578,35.910059],[35.892676,35.916553],[35.956934,35.998145],[35.887109,36.159082],[35.810938,36.309863],[35.882812,36.406348],[36.031738,36.522705],[36.188477,36.658984],[36.188184,36.743066],[36.180078,36.807227],[36.135156,36.851611],[36.048926,36.910596],[35.90459,36.847607],[35.801563,36.778076],[35.734277,36.763965],[35.661133,36.724316],[35.625586,36.652783],[35.537402,36.597021],[35.393164,36.575195],[35.176172,36.634863],[34.943164,36.725684],[34.81123,36.799268],[34.703613,36.816797],[34.601367,36.784473],[34.299609,36.604199],[34.023438,36.340771],[33.954883,36.295215],[33.694727,36.181982],[33.522754,36.143994],[33.441797,36.152832],[33.099512,36.102979],[32.929492,36.095703],[32.794824,36.035889],[32.533789,36.100732],[32.377734,36.183643],[32.283789,36.267871],[32.130566,36.449121],[32.021973,36.535303],[31.77793,36.612793],[31.352539,36.801074],[31.240625,36.821729],[30.950293,36.848682],[30.644043,36.865674],[30.582031,36.797168],[30.558496,36.52583],[30.506055,36.451123],[30.483594,36.3104],[30.446094,36.269873],[30.387305,36.243262],[30.29541,36.287695],[30.231641,36.307324],[30.083203,36.249365],[30.0,36.22635280146966],[30.0,41.159566486670144],[30.344922,41.196924],[30.810059,41.084863],[31.254883,41.107617],[31.34668,41.15791],[31.458008,41.32002],[32.086426,41.589209],[32.306445,41.72959],[32.542188,41.806396],[32.94668,41.891748],[33.284766,42.00459],[33.381348,42.017578],[34.192969,41.963672],[34.750488,41.956836],[35.006445,42.063281],[35.154883,42.027539],[35.141016,41.989502],[35.114063,41.956982],[35.12207,41.891113],[35.20918,41.794385],[35.297754,41.728516],[35.558008,41.634033],[35.919824,41.713721],[35.978125,41.704834],[36.051758,41.682568],[36.179199,41.426562],[36.278418,41.336133],[36.405371,41.274609],[36.509668,41.2625],[36.587109,41.32666],[36.64707,41.352539],[36.777734,41.363477],[36.991992,41.275391],[37.066211,41.184424],[37.430957,41.114111],[37.765625,41.078906],[37.910059,41.001904],[38.381055,40.924512],[38.556934,40.936523],[38.852148,41.017676],[39.426367,41.106445],[39.80791,40.98252],[39.911133,40.966455],[40.000195,40.977148],[40.128418,40.943018],[40.265234,40.961328],[40.6875,41.107422],[40.819531,41.190234],[40.959473,41.211621],[41.083594,41.261182],[41.414355,41.423633],[41.510059,41.51748],[41.576563,41.497314]]]}},{"type":"Feature","properties":{"code":"TJK","name_en":"Tajikistan","name_fa":"تاجیکستان"},"geometry":{"type":"MultiPolygon","coordinates":[[[[67.798047,37.244971],[67.814355,37.487012],[67.863574,37.570703],[68.010938,37.720947],[68.087598,37.835449],[68.174023,37.928418],[68.236523,37.959668],[68.294043,38.03291],[68.341211,38.116797],[68.354492,38.169531],[68.350293,38.211035],[68.333105,38.237793],[68.251367,38.294531],[68.144141,38.383105],[68.087207,38.473535],[68.055957,38.588916],[68.047852,38.669287],[68.148535,38.890625],[68.13252,38.927637],[68.103516,38.962012],[68.044336,38.983594],[67.95957,38.99292],[67.875684,38.983008],[67.768555,38.982227],[67.694434,38.994629],[67.676563,39.008496],[67.667285,39.10918],[67.64834,39.131055],[67.616504,39.150293],[67.400391,39.19668],[67.357617,39.216699],[67.349609,39.24209],[67.426172,39.465576],[67.45957,39.482422],[67.491699,39.51875],[67.54248,39.557617],[67.719043,39.621387],[67.908594,39.593799],[68.077148,39.56416],[68.244922,39.548291],[68.303027,39.537695],[68.399023,39.528857],[68.463281,39.536719],[68.506934,39.562793],[68.586133,39.634961],[68.610352,39.743262],[68.638965,39.838867],[68.686914,39.846289],[68.735254,39.83623],[68.758203,39.855566],[68.767969,39.881836],[68.777832,39.904199],[68.797656,39.909131],[68.832422,39.884326],[68.852246,39.890967],[68.86875,39.907471],[68.863867,39.927344],[68.824414,39.960791],[68.789453,40.01333],[68.792773,40.031494],[68.804688,40.050342],[68.908496,40.068213],[68.955664,40.071338],[68.97207,40.089941],[68.966016,40.11958],[68.926855,40.136328],[68.78457,40.1271],[68.639746,40.129199],[68.622461,40.147266],[68.630664,40.16709],[68.652539,40.182666],[68.951758,40.222607],[69.110352,40.20874],[69.22832,40.187598],[69.274902,40.198096],[69.219531,40.288135],[69.294434,40.296582],[69.304199,40.327393],[69.20625,40.566553],[69.259961,40.587646],[69.313965,40.634766],[69.309375,40.723926],[69.357227,40.767383],[69.413867,40.797168],[69.498242,40.76709],[69.628418,40.679053],[69.670801,40.661963],[69.712891,40.656982],[69.773242,40.684277],[70.005664,40.771436],[70.136328,40.82041],[70.29209,40.891699],[70.318945,40.919238],[70.372656,41.027637],[70.401953,41.035107],[70.441504,41.023438],[70.578223,40.911475],[70.657324,40.839648],[70.657324,40.815088],[70.634766,40.796582],[70.63916,40.778564],[70.750977,40.7396],[70.751074,40.721777],[70.725586,40.687793],[70.712012,40.669092],[70.69834,40.661182],[70.548828,40.562793],[70.382617,40.453516],[70.377148,40.439258],[70.369727,40.412012],[70.371582,40.384131],[70.398242,40.361377],[70.469922,40.345361],[70.533594,40.324512],[70.56582,40.267139],[70.602734,40.21416],[70.653125,40.201172],[70.899414,40.23457],[70.958008,40.238867],[70.960938,40.220654],[70.946387,40.187598],[70.738574,40.131152],[70.644336,40.083447],[70.624121,39.998975],[70.599219,39.974512],[70.556836,39.954492],[70.515137,39.949902],[70.451367,40.049219],[70.378906,40.069873],[70.274414,40.104834],[70.071484,40.172754],[69.966797,40.202246],[69.765234,40.158008],[69.530273,40.097314],[69.493652,40.060352],[69.46875,40.020752],[69.470996,39.990625],[69.487891,39.950439],[69.47627,39.919727],[69.431934,39.909766],[69.36543,39.94707],[69.307227,39.968555],[69.278809,39.917773],[69.244727,39.8271],[69.229102,39.761084],[69.280273,39.665869],[69.297656,39.524805],[69.391504,39.532471],[69.463281,39.53208],[69.598828,39.573779],[69.666992,39.574902],[69.77207,39.556738],[69.955957,39.553076],[70.10166,39.560596],[70.136816,39.557568],[70.171094,39.58418],[70.209277,39.575],[70.244824,39.542627],[70.39209,39.581885],[70.501172,39.587354],[70.567969,39.575879],[70.607813,39.564404],[70.678613,39.471289],[70.733105,39.413281],[70.799316,39.394727],[71.004883,39.411865],[71.065039,39.493408],[71.118066,39.513574],[71.202734,39.519824],[71.272852,39.535303],[71.328516,39.568701],[71.404297,39.597852],[71.470313,39.603662],[71.503027,39.582178],[71.517383,39.553857],[71.505859,39.51709],[71.50332,39.478809],[71.546289,39.453076],[71.672656,39.44707],[71.732227,39.422998],[71.735352,39.377734],[71.725684,39.306592],[71.778613,39.277979],[71.805957,39.275586],[71.991016,39.350928],[72.042773,39.352148],[72.08418,39.310645],[72.147363,39.260742],[72.22998,39.20752],[72.249805,39.215674],[72.287207,39.27373],[72.357715,39.336865],[72.490234,39.357373],[72.563379,39.377197],[72.639941,39.385986],[72.872461,39.3604],[72.949414,39.35708],[73.109277,39.361914],[73.234961,39.374561],[73.336133,39.412354],[73.387402,39.442725],[73.47041,39.460596],[73.575586,39.457617],[73.631641,39.448877],[73.636328,39.39668],[73.623145,39.297852],[73.607324,39.229199],[73.69043,39.104541],[73.74375,39.044531],[73.795605,39.002148],[73.805273,38.968652],[73.794531,38.941309],[73.72998,38.914697],[73.706836,38.88623],[73.696094,38.854297],[73.716797,38.817236],[73.754102,38.698926],[73.80166,38.606885],[73.869141,38.562891],[73.97002,38.533691],[74.025586,38.539844],[74.065332,38.608496],[74.131348,38.661182],[74.187305,38.65752],[74.277441,38.659766],[74.514063,38.6],[74.74502,38.51001],[74.812305,38.460303],[74.835938,38.404297],[74.77207,38.274756],[74.775098,38.191895],[74.789648,38.103613],[74.84248,38.038086],[74.89082,37.925781],[74.900293,37.832715],[74.921289,37.80498],[74.938281,37.77251],[74.912305,37.687305],[74.894238,37.601416],[74.91582,37.572803],[74.986426,37.530371],[75.097461,37.45127],[75.11875,37.385693],[75.079004,37.344043],[75.008398,37.293555],[74.918164,37.25],[74.891309,37.231641],[74.875391,37.241992],[74.830469,37.285937],[74.730566,37.357031],[74.659375,37.394482],[74.524219,37.382373],[74.444922,37.395605],[74.349023,37.41875],[74.259668,37.41543],[74.203516,37.372461],[74.16709,37.329443],[74.077734,37.316211],[73.948828,37.283154],[73.749609,37.231787],[73.653516,37.239355],[73.627539,37.261572],[73.648828,37.291211],[73.717285,37.329443],[73.733789,37.375781],[73.720605,37.41875],[73.657129,37.430469],[73.632617,37.437207],[73.604688,37.446045],[73.481348,37.47168],[73.38291,37.462256],[73.211133,37.408496],[72.895508,37.267529],[72.757031,37.172705],[72.657422,37.029053],[72.358789,36.98291],[72.153516,36.900537],[71.941992,36.766455],[71.802051,36.694287],[71.733789,36.684033],[71.665625,36.696924],[71.597461,36.73291],[71.530859,36.845117],[71.471875,37.015088],[71.43291,37.127539],[71.454785,37.271826],[71.479688,37.436035],[71.505078,37.60293],[71.546191,37.795654],[71.580371,37.864258],[71.582227,37.910107],[71.551953,37.933154],[71.487793,37.931885],[71.389648,37.906299],[71.319922,37.901855],[71.278516,37.918408],[71.282813,38.00791],[71.332715,38.170264],[71.255859,38.306982],[71.052148,38.417871],[70.878906,38.456396],[70.735938,38.422559],[70.61582,38.334424],[70.518555,38.191992],[70.417773,38.075439],[70.313281,37.984814],[70.23877,37.941211],[70.214648,37.924414],[70.199414,37.886035],[70.25498,37.765381],[70.251465,37.66416],[70.188672,37.582471],[70.119824,37.543506],[70.044727,37.547217],[69.984961,37.566162],[69.940625,37.600293],[69.820898,37.60957],[69.625781,37.594043],[69.49209,37.553076],[69.420117,37.486719],[69.399219,37.399316],[69.429688,37.290869],[69.414453,37.207764],[69.353809,37.150049],[69.303906,37.116943],[69.264844,37.108398],[69.180176,37.158301],[69.05,37.266504],[68.960449,37.325049],[68.911816,37.333936],[68.885254,37.328076],[68.855371,37.316846],[68.838477,37.302832],[68.82373,37.270703],[68.782031,37.258008],[68.723242,37.268018],[68.669141,37.258398],[68.637012,37.224463],[68.546484,37.183447],[68.386914,37.1375],[68.299512,37.088428],[68.284766,37.036328],[68.260938,37.013086],[68.212109,37.021533],[68.067773,36.949805],[67.958008,36.972021],[67.834473,37.064209],[67.766016,37.140137],[67.758984,37.172217],[67.798047,37.244971]]],[[[70.622754,40.934424],[70.56875,40.981836],[70.55,41.014893],[70.57207,41.024805],[70.618359,41.00166],[70.649219,40.96084],[70.652539,40.936621],[70.622754,40.934424]]],[[[70.612109,39.786768],[70.55957,39.790918],[70.518652,39.828174],[70.489258,39.863037],[70.482813,39.882715],[70.497754,39.882422],[70.56709,39.866602],[70.66416,39.855469],[70.698242,39.84585],[70.70166,39.825293],[70.612109,39.786768]]]]}},{"type":"Feature","properties":{"code":"SYR","name_en":"Syria","name_fa":"سوریه"},"geometry":{"type":"Polygon","coordinates":[[[35.967578,35.910059],[36.127344,35.831445],[36.153613,35.833887],[36.201953,35.937549],[36.248828,35.972705],[36.347559,36.003516],[36.375391,36.17124],[36.421484,36.203467],[36.477051,36.220703],[36.562402,36.223926],[36.636719,36.233984],[36.641406,36.263525],[36.5375,36.457422],[36.54668,36.506348],[36.596875,36.701367],[36.628418,36.777686],[36.658594,36.802539],[36.776563,36.792676],[36.941797,36.758398],[36.985352,36.702393],[37.066211,36.652637],[37.187402,36.655908],[37.327051,36.646582],[37.436328,36.643311],[37.523535,36.67832],[37.720313,36.743701],[37.817969,36.765576],[37.906641,36.794629],[38.191699,36.901562],[38.305859,36.893359],[38.383984,36.879248],[38.44375,36.862256],[38.578027,36.789111],[38.688867,36.715088],[38.766602,36.693115],[38.906445,36.694678],[39.108398,36.680566],[39.356641,36.681592],[39.501465,36.702246],[39.686523,36.738623],[40.016406,36.826074],[40.450391,37.008887],[40.705664,37.097705],[40.815625,37.108154],[40.958887,37.10918],[41.102148,37.085889],[41.264648,37.069336],[41.339551,37.070801],[41.515527,37.08916],[41.743555,37.126123],[41.886816,37.156396],[42.059863,37.206055],[42.167871,37.288623],[42.202734,37.297266],[42.247559,37.282227],[42.268555,37.276562],[42.312891,37.22959],[42.358984,37.108594],[42.359082,37.09502],[42.350098,37.060596],[42.237305,36.961133],[42.083984,36.826025],[41.974023,36.74082],[41.788574,36.597168],[41.650195,36.566406],[41.416797,36.514648],[41.354199,36.464404],[41.295996,36.38335],[41.261816,36.272461],[41.251758,36.203027],[41.245605,36.073389],[41.300195,35.938965],[41.352637,35.809961],[41.359375,35.724609],[41.354102,35.64043],[41.30332,35.550635],[41.24834,35.42749],[41.216406,35.288184],[41.199609,35.027393],[41.199219,34.805322],[41.194727,34.768994],[41.099023,34.612305],[40.987012,34.429053],[40.935059,34.386572],[40.689453,34.332031],[40.421484,34.197754],[40.121973,34.047656],[39.85,33.911377],[39.564453,33.768359],[39.268359,33.62002],[39.056738,33.514014],[38.773535,33.372217],[38.515625,33.236621],[38.254297,33.099219],[38.055762,32.994873],[37.754102,32.829834],[37.577441,32.733057],[37.317578,32.590771],[37.088965,32.465527],[36.818359,32.317285],[36.479199,32.361328],[36.37207,32.386914],[36.284277,32.457471],[36.219727,32.495117],[36.059473,32.533789],[35.956445,32.666699],[35.894727,32.71377],[35.787305,32.734912],[35.833283,32.820094],[35.841863,32.875954],[35.887977,32.944379],[35.859022,32.989367],[35.84508,33.084665],[35.824704,33.108024],[35.817197,33.133173],[35.833283,33.163702],[35.826849,33.195117],[35.808618,33.208577],[35.800038,33.256121],[35.785024,33.291089],[35.792531,33.334107],[35.816125,33.361879],[35.840738,33.415661],[35.869141,33.431738],[35.914746,33.465381],[35.926563,33.500293],[35.967578,33.53457],[36.022266,33.5625],[36.034473,33.585059],[36.02666,33.597949],[35.97168,33.623096],[35.942383,33.667578],[35.968457,33.732422],[35.986133,33.752637],[36.018848,33.783936],[36.092188,33.831592],[36.149805,33.839502],[36.199414,33.839551],[36.283398,33.835596],[36.348535,33.827051],[36.365039,33.839355],[36.362793,33.855127],[36.282227,33.894189],[36.277832,33.925293],[36.297852,33.958643],[36.354883,34.011328],[36.422852,34.049854],[36.45752,34.056836],[36.535156,34.134326],[36.584961,34.22124],[36.504395,34.432373],[36.455566,34.466162],[36.376465,34.495166],[36.329883,34.499609],[36.32627,34.51333],[36.388672,34.566895],[36.433008,34.613477],[36.383887,34.65791],[36.296289,34.678711],[36.263574,34.632861],[36.151074,34.628613],[35.97627,34.629199],[35.899316,34.8521],[35.887891,34.948633],[35.889941,35.060303],[35.943066,35.223828],[35.918066,35.299512],[35.916016,35.350537],[35.902441,35.420703],[35.764453,35.571582],[35.839648,35.849219],[35.892676,35.916553],[35.967578,35.910059]]]}},{"type":"Feature","properties":{"code":"SDS","name_en":"South Sudan","name_fa":"سودان جنوبی"},"geometry":{"type":"MultiPolygon","coordinates":[[[[30.003027,10.277393],[30.441354376962718,10.0],[30.0,10.0],[30.0,10.275571513132522],[30.003027,10.277393]]],[[[31.654883,10.221143],[31.764258,10.355713],[31.791992,10.383154],[31.854297,10.479053],[31.919922,10.643848],[31.933008,10.6625],[32.404102,11.057764],[32.420801,11.089111],[32.425391,11.113965],[32.354199,11.246924],[32.338867,11.314502],[32.335742,11.418555],[32.349902,11.58042],[32.344922,11.682715],[32.343066,11.694287],[32.338477,11.710107],[32.335352,11.716016],[32.072266,12.006738],[32.736719,12.009668],[32.738281,12.03374],[32.737695,12.046436],[32.735645,12.058057],[32.723047,12.09292],[32.71582,12.139258],[32.715332,12.152197],[32.716309,12.164844],[32.720117,12.188818],[32.720508,12.201807],[32.719824,12.208008],[32.718555,12.21377],[32.718945,12.218848],[32.721875,12.223096],[33.199316,12.217285],[33.193066,12.13501],[33.135059,11.941602],[33.136133,11.825586],[33.122461,11.693164],[33.119141,11.682422],[33.106055,11.653857],[33.094629,11.6375],[33.081543,11.621729],[33.077832,11.615771],[33.07334,11.606104],[33.073047,11.591504],[33.172168,10.850146],[33.168457,10.831445],[33.164746,10.819189],[33.138281,10.772949],[33.131445,10.757715],[33.130078,10.745947],[33.14082,10.737891],[33.360742,10.657812],[33.371387,10.652734],[33.379883,10.646191],[33.459082,10.55083],[33.892188,10.198975],[33.907031,10.181445],[33.951855,10.070947],[33.956836,10.054199],[33.958398,10.027734],[33.957324,10.007178],[33.95611795300332,10.0],[31.42949090925511,10.0],[31.654883,10.221143]]]]}},{"type":"Feature","properties":{"code":"SDN","name_en":"Sudan","name_fa":"سودان"},"geometry":{"type":"Polygon","coordinates":[[[33.957324,10.007178],[33.958398,10.027734],[33.956836,10.054199],[33.951855,10.070947],[33.907031,10.181445],[33.892188,10.198975],[33.459082,10.55083],[33.379883,10.646191],[33.371387,10.652734],[33.360742,10.657812],[33.14082,10.737891],[33.130078,10.745947],[33.131445,10.757715],[33.138281,10.772949],[33.164746,10.819189],[33.168457,10.831445],[33.172168,10.850146],[33.073047,11.591504],[33.07334,11.606104],[33.077832,11.615771],[33.081543,11.621729],[33.094629,11.6375],[33.106055,11.653857],[33.119141,11.682422],[33.122461,11.693164],[33.136133,11.825586],[33.135059,11.941602],[33.193066,12.13501],[33.199316,12.217285],[32.721875,12.223096],[32.718945,12.218848],[32.718555,12.21377],[32.719824,12.208008],[32.720508,12.201807],[32.720117,12.188818],[32.716309,12.164844],[32.715332,12.152197],[32.71582,12.139258],[32.723047,12.09292],[32.735645,12.058057],[32.737695,12.046436],[32.738281,12.03374],[32.736719,12.009668],[32.072266,12.006738],[32.335352,11.716016],[32.338477,11.710107],[32.343066,11.694287],[32.344922,11.682715],[32.349902,11.58042],[32.335742,11.418555],[32.338867,11.314502],[32.354199,11.246924],[32.425391,11.113965],[32.420801,11.089111],[32.404102,11.057764],[31.933008,10.6625],[31.919922,10.643848],[31.854297,10.479053],[31.791992,10.383154],[31.764258,10.355713],[31.654883,10.221143],[31.42949090925511,10.0],[30.441354376962718,10.0],[30.003027,10.277393],[30.0,10.275571513132522],[30.0,21.99510345825315],[30.328613,21.99502],[30.710645,21.994922],[31.092676,21.994873],[31.20918,21.994873],[31.260645,22.002295],[31.358496,22.188623],[31.400293,22.202441],[31.464258,22.191504],[31.486133,22.147803],[31.466406,22.084668],[31.434473,21.99585],[31.62168,21.99585],[31.949805,21.995898],[32.277832,21.995996],[32.606055,21.995996],[32.934082,21.996094],[33.262207,21.996143],[33.590332,21.996191],[33.918457,21.99624],[34.246484,21.996289],[34.574609,21.996338],[34.902734,21.996387],[35.230859,21.996436],[35.558984,21.996484],[35.887012,21.996533],[36.215234,21.996582],[36.543262,21.996631],[36.871387,21.996729],[36.882617,21.768799],[36.926953,21.586523],[37.081152,21.326025],[37.211719,21.18584],[37.258594,21.108545],[37.263184,21.072656],[37.257227,21.039404],[37.21748,21.077637],[37.150586,21.10376],[37.141113,20.981787],[37.156836,20.894922],[37.172656,20.731982],[37.227539,20.556738],[37.187891,20.394922],[37.193164,20.120703],[37.262598,19.791895],[37.248438,19.581885],[37.361523,19.091992],[37.471289,18.820117],[37.531641,18.753125],[37.599414,18.717432],[37.729785,18.694336],[37.921875,18.555908],[38.074023,18.409766],[38.128125,18.333301],[38.201758,18.249414],[38.252148,18.264404],[38.283105,18.286719],[38.33291,18.219043],[38.574023,18.072949],[38.609473,18.005078],[38.522852,17.938525],[38.422461,17.823926],[38.397168,17.778369],[38.385547,17.75127],[38.37373,17.717334],[38.347363,17.683594],[38.289844,17.637012],[38.267285,17.616699],[38.253516,17.584766],[38.219043,17.563965],[38.181543,17.562842],[38.148535,17.548535],[38.098926,17.526465],[38.025293,17.537793],[37.950098,17.517676],[37.922559,17.492334],[37.862988,17.470264],[37.80332,17.465527],[37.782422,17.458008],[37.725977,17.420508],[37.656738,17.368262],[37.575977,17.33501],[37.547461,17.324121],[37.510156,17.288135],[37.45293,17.108691],[37.411035,17.061719],[37.34043,17.05708],[37.248828,17.056885],[37.169531,17.041406],[37.061523,17.061279],[37.008984,17.058887],[36.995215,17.020557],[36.975781,16.866553],[36.978711,16.800586],[36.935742,16.722363],[36.887793,16.624658],[36.905469,16.459521],[36.91377,16.296191],[36.825879,16.050293],[36.813477,15.993945],[36.724512,15.798877],[36.679199,15.726367],[36.566016,15.362109],[36.521777,15.250146],[36.426758,15.13208],[36.448145,14.940088],[36.470801,14.736475],[36.492285,14.544336],[36.524316,14.256836],[36.443945,13.988428],[36.44707,13.842041],[36.390625,13.626074],[36.346289,13.52627],[36.306836,13.466846],[36.273535,13.405762],[36.212207,13.271094],[36.160156,13.093311],[36.137109,12.911133],[36.135352,12.805322],[36.125195,12.757031],[36.10752,12.726465],[35.987598,12.706299],[35.820605,12.684863],[35.730566,12.661035],[35.670215,12.62373],[35.596094,12.537305],[35.449609,12.300586],[35.372754,12.155566],[35.252441,11.957031],[35.112305,11.816553],[35.082715,11.748291],[35.059668,11.621045],[35.00791,11.419873],[34.960742,11.276758],[34.969141,11.161768],[34.924902,10.962109],[34.931445,10.864795],[34.882324,10.810547],[34.816211,10.75918],[34.771289,10.746191],[34.675,10.804932],[34.601758,10.864551],[34.571875,10.880176],[34.508008,10.842871],[34.431445,10.787842],[34.343945,10.658643],[34.275684,10.528125],[34.314844,10.251562],[34.31123,10.190869],[34.291504,10.124756],[34.22722048537107,10.0],[33.95611795300332,10.0],[33.957324,10.007178]]]}},{"type":"Feature","properties":{"code":"SOM","name_en":"Somalia","name_fa":"سومالی"},"geometry":{"type":"Polygon","coordinates":[[[48.938379,10.433252],[48.938477,10.714209],[48.938477,10.982324],[48.938574,11.258447],[49.062109,11.27085],[49.388281,11.342725],[49.64209,11.450928],[50.110059,11.529297],[50.466211,11.727539],[50.52832,11.823193],[50.635938,11.943799],[50.792285,11.983691],[51.191309,11.841992],[51.254883,11.830713],[51.231836,11.74502],[51.218164,11.657666],[51.136328,11.505127],[51.084277,11.335645],[51.122266,11.076758],[51.140625,10.656885],[51.13125,10.595898],[51.104883,10.53584],[51.093848,10.488525],[51.050781,10.471973],[51.031836,10.444775],[51.063184,10.433936],[51.188281,10.479736],[51.185547,10.529834],[51.192969,10.554639],[51.295703,10.498682],[51.369141,10.475244],[51.390234,10.422607],[51.38457,10.386523],[51.268164,10.403125],[51.208789,10.431055],[51.035938,10.385156],[50.930078,10.335547],[50.898438,10.253125],[50.87942563508687,10.0],[48.938286651509685,10.0],[48.938379,10.433252]]]}},{"type":"Feature","properties":{"code":"SOL","name_en":"Somaliland","name_fa":"سومالیلند"},"geometry":{"type":"Polygon","coordinates":[[[48.938477,10.982324],[48.938477,10.714209],[48.938379,10.433252],[48.938286651509685,10.0],[43.022650870532665,10.0],[43.014746,10.012598],[42.9125,10.14082],[42.841602,10.203076],[42.816406,10.257373],[42.783691,10.369629],[42.725195,10.491748],[42.669238,10.567578],[42.656445,10.6],[42.65957,10.621387],[42.763086,10.786914],[42.809766,10.845996],[42.862891,10.903223],[42.906152,10.960254],[42.922754,10.999316],[43.048633,11.194336],[43.159375,11.365723],[43.245996,11.499805],[43.441211,11.346436],[43.631152,11.035449],[43.852734,10.784277],[44.158203,10.550781],[44.279297,10.471875],[44.386523,10.430225],[44.942969,10.436719],[45.337695,10.649756],[45.695898,10.803906],[45.816699,10.835889],[46.024512,10.793701],[46.253906,10.781104],[46.460254,10.73418],[46.565039,10.745996],[46.973438,10.925391],[47.230078,11.099902],[47.40498,11.174023],[47.473828,11.174805],[47.7125,11.112012],[48.019238,11.139355],[48.438867,11.290137],[48.572559,11.320508],[48.674414,11.322656],[48.903125,11.254883],[48.938574,11.258447],[48.938477,10.982324]]]}},{"type":"Feature","properties":{"code":"SAU","name_en":"Saudi Arabia","name_fa":"عربستان سعودی"},"geometry":{"type":"MultiPolygon","coordinates":[[[[36.875195,25.383057],[36.805078,25.450732],[36.763867,25.500586],[36.72207,25.534033],[36.530273,25.601562],[36.504297,25.645117],[36.533594,25.688721],[36.554102,25.645361],[36.58877,25.619824],[36.747559,25.55874],[36.924414,25.425537],[36.954785,25.414648],[36.90166,25.383057],[36.875195,25.383057]]],[[[42.065039,16.710059],[42.033203,16.741943],[42.026367,16.757666],[42.059961,16.803516],[42.17041,16.708643],[42.167188,16.596387],[42.157813,16.570703],[42.127734,16.594824],[42.108398,16.618457],[42.102344,16.643945],[42.071777,16.671484],[41.96416,16.653467],[41.897266,16.684277],[41.801563,16.77876],[41.776074,16.846875],[41.816113,16.860156],[41.858203,16.89292],[41.884961,16.946826],[41.860449,17.002539],[41.917285,16.993652],[41.947949,16.936426],[41.953906,16.80625],[41.9625,16.778662],[41.94668,16.748926],[41.987695,16.715625],[42.065039,16.710059]]],[[[51.742969,18.964551],[51.514941,18.933887],[51.258398,18.899365],[50.95,18.857861],[50.708203,18.825293],[50.355273,18.777783],[50.038965,18.735254],[49.74209,18.695312],[49.445117,18.655322],[49.192383,18.621338],[49.041992,18.581787],[48.864844,18.495215],[48.592969,18.362402],[48.31582,18.227051],[48.172168,18.156934],[48.02168,17.976953],[47.945508,17.88584],[47.807813,17.721094],[47.703711,17.596826],[47.57959,17.44834],[47.525391,17.316113],[47.441797,17.111865],[47.369629,17.0604],[47.25127,16.993945],[47.143555,16.94668],[46.975684,16.953467],[46.87998,17.079004],[46.778516,17.212109],[46.727637,17.265576],[46.682031,17.268555],[46.513477,17.25166],[46.310352,17.231299],[46.070801,17.253174],[45.794434,17.278418],[45.535352,17.302051],[45.406543,17.319775],[45.236621,17.406201],[45.192773,17.423389],[45.148047,17.427441],[44.946484,17.42959],[44.746777,17.431689],[44.546484,17.404346],[44.354688,17.414355],[44.155957,17.398535],[44.085938,17.365527],[44.008203,17.36748],[43.959668,17.33833],[43.916992,17.324707],[43.866406,17.349609],[43.804297,17.344141],[43.712988,17.365527],[43.653418,17.421875],[43.597266,17.471436],[43.539258,17.49873],[43.474219,17.515918],[43.417969,17.51626],[43.346094,17.486035],[43.302148,17.456787],[43.190918,17.359375],[43.186328,17.324707],[43.236914,17.266455],[43.221387,17.239258],[43.155957,17.205029],[43.135938,17.112988],[43.126172,17.062451],[43.116504,16.941992],[43.145605,16.846777],[43.184473,16.811816],[43.186328,16.770996],[43.165039,16.689404],[43.104785,16.66416],[43.060742,16.586621],[43.033594,16.550391],[42.986328,16.509082],[42.799316,16.371777],[42.789844,16.451562],[42.730664,16.569824],[42.726367,16.65332],[42.698828,16.736963],[42.647461,16.801367],[42.55293,16.868457],[42.544141,16.959668],[42.475,17.049854],[42.383301,17.122461],[42.332422,17.256641],[42.293945,17.434961],[42.052246,17.669336],[41.75,17.885742],[41.658008,18.007666],[41.507617,18.256104],[41.431738,18.452441],[41.229492,18.678418],[41.220801,18.765234],[41.19082,18.871191],[41.144141,18.989063],[41.116016,19.082178],[40.913281,19.490137],[40.847852,19.555273],[40.791602,19.646387],[40.777051,19.716895],[40.75918,19.755469],[40.615918,19.822363],[40.482227,19.993457],[40.080664,20.265918],[39.884082,20.292969],[39.72832,20.390332],[39.613672,20.517676],[39.491211,20.737012],[39.276074,20.973975],[39.093555,21.310352],[39.150684,21.432764],[39.14707,21.518994],[39.091016,21.663965],[39.029785,21.775977],[38.987891,21.881738],[39.021191,22.033447],[39.033984,22.203369],[39.069922,22.293652],[39.095898,22.392773],[39.062012,22.592187],[39.001367,22.698975],[39.007422,22.770068],[38.93877,22.804785],[38.88291,22.882031],[38.941113,22.881836],[38.835547,22.989063],[38.796875,23.048584],[38.757031,23.194287],[38.706055,23.305518],[38.542285,23.55791],[38.46416,23.711865],[38.288867,23.910986],[38.098633,24.058008],[37.977832,24.124561],[37.919727,24.1854],[37.820996,24.1875],[37.713379,24.274414],[37.638184,24.277734],[37.543066,24.29165],[37.430957,24.459033],[37.338477,24.61582],[37.180859,24.82002],[37.22041,24.87334],[37.266309,24.960059],[37.243457,25.073437],[37.218359,25.150684],[37.148828,25.291113],[36.920703,25.641162],[36.860156,25.69248],[36.762695,25.751318],[36.702539,25.902881],[36.675195,26.038867],[36.51875,26.104883],[36.249609,26.594775],[36.09375,26.76582],[36.032031,26.881006],[35.85166,27.070459],[35.762988,27.258789],[35.581348,27.432471],[35.423828,27.733789],[35.180469,28.034863],[35.07832,28.087012],[34.827539,28.108594],[34.72207,28.130664],[34.625,28.064502],[34.616211,28.14834],[34.683301,28.264111],[34.779883,28.507324],[34.799121,28.720508],[34.950781,29.353516],[35.16377,29.320947],[35.33916,29.294092],[35.595313,29.254883],[35.860352,29.214258],[36.01543,29.190479],[36.068457,29.200537],[36.282813,29.355371],[36.476074,29.495117],[36.591797,29.666113],[36.703906,29.831641],[36.755273,29.866016],[36.927051,29.89707],[37.199414,29.946289],[37.469238,29.995068],[37.490723,30.011719],[37.553613,30.14458],[37.633594,30.313281],[37.649902,30.330957],[37.669727,30.348145],[37.862891,30.442627],[37.980078,30.5],[37.812988,30.669287],[37.655469,30.828955],[37.479004,31.007764],[37.329492,31.146826],[37.105273,31.355176],[36.958594,31.491504],[37.215625,31.556104],[37.493359,31.625879],[37.773828,31.696338],[38.111426,31.781152],[38.375488,31.847461],[38.769629,31.946484],[38.962305,31.994922],[38.99707,32.007471],[39.14541,32.124512],[39.368652,32.091748],[39.704102,32.042529],[40.027832,31.99502],[40.369336,31.938965],[40.478906,31.893359],[40.808398,31.725439],[41.022461,31.616357],[41.272461,31.489014],[41.585059,31.329736],[41.799707,31.220361],[42.074414,31.080371],[42.288574,30.92041],[42.559766,30.717773],[42.857715,30.495215],[43.103125,30.322217],[43.44082,30.083984],[43.77373,29.849219],[44.099609,29.619336],[44.360742,29.435254],[44.69082,29.202344],[44.716504,29.193604],[45.050293,29.16709],[45.498926,29.131543],[45.949707,29.09585],[46.356445,29.063672],[46.531445,29.09624],[46.724805,29.074609],[46.982227,29.045654],[47.13877,29.026172],[47.433203,28.989551],[47.521289,28.837842],[47.553223,28.731543],[47.583105,28.627979],[47.671289,28.533154],[47.871973,28.535449],[48.049609,28.5375],[48.26875,28.540527],[48.44248,28.54292],[48.498535,28.448877],[48.523047,28.355029],[48.626367,28.132568],[48.77373,27.959082],[48.808984,27.895898],[48.832813,27.800684],[48.807227,27.765283],[48.797168,27.724316],[48.906445,27.629053],[49.086914,27.548584],[49.15752,27.528223],[49.2375,27.492725],[49.175098,27.437646],[49.281543,27.310498],[49.405273,27.180957],[49.537695,27.151758],[49.716504,26.955859],[49.986133,26.828906],[50.149805,26.662646],[50.134668,26.659521],[50.086621,26.676416],[50.026367,26.699219],[50.008105,26.678516],[50.011328,26.608789],[50.027344,26.526855],[50.110742,26.455957],[50.184961,26.404932],[50.213867,26.308496],[50.155469,26.100537],[50.135254,26.100684],[50.095996,26.118701],[50.053906,26.122852],[50.031641,26.110986],[50.081055,25.961377],[50.130273,25.846631],[50.189648,25.755811],[50.238965,25.622852],[50.28125,25.566113],[50.455176,25.424805],[50.508496,25.306689],[50.55791,25.08667],[50.666895,24.963818],[50.725586,24.869385],[50.804395,24.789258],[50.855664,24.679639],[50.92832,24.595117],[50.966016,24.573926],[51.022754,24.565234],[51.093359,24.564648],[51.178027,24.586719],[51.267969,24.607227],[51.338477,24.564355],[51.41123,24.570801],[51.418359,24.530957],[51.369922,24.476904],[51.309863,24.340381],[51.395215,24.318848],[51.476758,24.308203],[51.534766,24.286328],[51.568359,24.286182],[51.568359,24.25791],[51.572168,24.12832],[51.592578,24.078857],[51.629297,24.03501],[51.684375,23.969531],[51.739355,23.904004],[51.794336,23.838477],[51.849414,23.772998],[51.904395,23.70752],[51.959473,23.641992],[52.014453,23.576465],[52.069434,23.510986],[52.124512,23.445459],[52.179492,23.37998],[52.23457,23.314453],[52.289551,23.248975],[52.344531,23.183496],[52.399609,23.117969],[52.45459,23.052441],[52.50957,22.986963],[52.555078,22.932812],[52.63916,22.92251],[52.665918,22.919287],[52.741602,22.91001],[52.859277,22.895605],[53.011914,22.877002],[53.192383,22.854932],[53.394043,22.830322],[53.60957,22.804004],[53.832129,22.776807],[54.05459,22.749658],[54.270117,22.72334],[54.47168,22.69873],[54.652246,22.67666],[54.804883,22.658008],[54.922461,22.643652],[54.998242,22.634375],[55.025,22.631152],[55.104297,22.621484],[55.119434,22.623926],[55.18584,22.704102],[55.259277,22.590918],[55.320117,22.496924],[55.403809,22.367822],[55.492773,22.230664],[55.577734,22.099512],[55.641016,22.001855],[55.607422,21.900391],[55.570801,21.789697],[55.53418,21.679004],[55.497559,21.568311],[55.460938,21.457617],[55.424316,21.346924],[55.387695,21.23623],[55.351074,21.125537],[55.314453,21.014795],[55.27793,20.904102],[55.241211,20.793408],[55.20459,20.682715],[55.168066,20.572021],[55.131445,20.461328],[55.094727,20.350635],[55.058203,20.239941],[55.021484,20.129248],[54.977344,19.995947],[54.871094,19.960498],[54.699023,19.903125],[54.527051,19.845801],[54.35498,19.788477],[54.183008,19.731152],[54.010938,19.673828],[53.838867,19.616504],[53.666895,19.559131],[53.494824,19.501807],[53.322852,19.444482],[53.150781,19.387158],[52.978711,19.329785],[52.806738,19.272461],[52.634668,19.215137],[52.462695,19.157812],[52.290625,19.100488],[52.118555,19.043164],[51.977637,18.996143],[51.742969,18.964551]]],[[[36.586133,25.699219],[36.543945,25.734277],[36.546484,25.811621],[36.582715,25.855518],[36.579883,25.79541],[36.595605,25.734863],[36.595508,25.712793],[36.586133,25.699219]]]]}},{"type":"Feature","properties":{"code":"RUS","name_en":"Russia","name_fa":"روسیه"},"geometry":{"type":"MultiPolygon","coordinates":[[[[84.975195,49.951074],[84.999707,50.010303],[84.989453,50.061426],[84.924023,50.087988],[84.838965,50.091309],[84.607324,50.202393],[84.499023,50.21875],[84.400977,50.23916],[84.323242,50.23916],[84.257812,50.288232],[84.194531,50.437451],[84.175977,50.520557],[84.099316,50.604736],[84.002344,50.676855],[83.945117,50.774658],[83.859766,50.818018],[83.717773,50.887158],[83.581445,50.935742],[83.357324,50.99458],[83.27373,50.99458],[83.160254,50.989209],[83.092773,50.960596],[83.019238,50.897266],[82.919043,50.893115],[82.76084,50.893359],[82.718555,50.869482],[82.692969,50.826318],[82.611719,50.771484],[82.493945,50.727588],[82.326367,50.741895],[82.211914,50.719434],[82.098047,50.71084],[81.933691,50.766357],[81.752051,50.764404],[81.633887,50.739111],[81.465918,50.739844],[81.431445,50.771143],[81.451563,50.823682],[81.437695,50.871045],[81.410156,50.909766],[81.388281,50.956494],[81.319141,50.966406],[81.124609,50.946289],[81.071484,50.96875],[81.077539,51.014941],[81.112402,51.072363],[81.141016,51.146582],[81.127246,51.191064],[81.026758,51.185693],[80.965625,51.189795],[80.934082,51.242773],[80.877344,51.281445],[80.813086,51.283496],[80.735254,51.293408],[80.650488,51.277344],[80.605469,51.224219],[80.550684,51.216602],[80.491016,51.201758],[80.448047,51.18335],[80.421484,51.136377],[80.433594,51.092627],[80.452246,50.997607],[80.423633,50.946289],[80.345215,50.919092],[80.27041,50.924609],[80.220215,50.911768],[80.127246,50.85835],[80.086328,50.83999],[80.07207,50.807275],[80.065918,50.758203],[79.98623,50.774561],[79.859668,50.955469],[79.716406,51.16001],[79.554297,51.377979],[79.468848,51.493115],[79.14873,51.868115],[78.99209,52.047412],[78.721484,52.357031],[78.475488,52.638428],[78.198047,52.929688],[78.033496,53.094971],[77.859961,53.269189],[77.799414,53.317432],[77.704395,53.37915],[77.469238,53.498779],[77.132422,53.670117],[76.820703,53.822656],[76.575684,53.942529],[76.513086,53.993213],[76.484766,54.022559],[76.458594,54.055273],[76.42207,54.113525],[76.42168,54.151514],[76.65459,54.145264],[76.703027,54.182471],[76.788965,54.321875],[76.837305,54.442383],[76.759375,54.436865],[76.615527,54.387109],[76.53916,54.351074],[76.496484,54.335693],[76.266602,54.311963],[76.140527,54.258545],[75.880664,54.167969],[75.692871,54.114795],[75.656836,54.106006],[75.437207,54.089648],[75.398145,54.068506],[75.392383,54.021729],[75.377051,53.970117],[75.220215,53.893799],[75.052148,53.826709],[74.988965,53.819238],[74.886816,53.834033],[74.83418,53.825684],[74.681445,53.754395],[74.451953,53.647266],[74.430469,53.603711],[74.429297,53.550732],[74.402734,53.504443],[74.351562,53.487646],[74.277344,53.527734],[74.209961,53.576465],[74.068652,53.611426],[73.858984,53.619727],[73.731152,53.602783],[73.642969,53.57627],[73.469922,53.468896],[73.406934,53.447559],[73.371875,53.454395],[73.361914,53.506201],[73.326855,53.543164],[73.285742,53.598389],[73.305664,53.707227],[73.399414,53.811475],[73.554199,53.868311],[73.678906,53.929443],[73.715527,53.996191],[73.712402,54.042383],[73.666406,54.063477],[73.617969,54.067383],[73.589941,54.044971],[73.505664,53.999316],[73.380664,53.962842],[73.276563,53.955615],[73.229883,53.957812],[73.119336,53.980762],[72.914062,54.107324],[72.741016,54.124512],[72.622266,54.134326],[72.582715,54.121582],[72.564258,54.09043],[72.575586,54.056494],[72.599219,54.023047],[72.585938,53.995947],[72.530273,53.975781],[72.446777,53.941846],[72.404297,53.964453],[72.383008,54.053662],[72.387305,54.123047],[72.329492,54.181445],[72.269141,54.272119],[72.186035,54.325635],[72.105371,54.308447],[72.065625,54.231641],[72.004492,54.205664],[71.887402,54.221484],[71.677148,54.178027],[71.336426,54.15835],[71.093164,54.212207],[71.052734,54.260498],[71.152148,54.364062],[71.159766,54.45542],[71.15918,54.538623],[71.185547,54.599316],[71.12627,54.715039],[70.991797,54.950488],[70.910156,55.127979],[70.790332,55.261133],[70.738086,55.305176],[70.486328,55.282373],[70.417188,55.253174],[70.371484,55.212256],[70.293359,55.183594],[70.182422,55.162451],[70.087402,55.176758],[69.981738,55.199072],[69.870215,55.245654],[69.740234,55.307373],[69.493262,55.356885],[69.246973,55.37251],[68.977246,55.3896],[68.842969,55.35835],[68.712891,55.308496],[68.524805,55.204834],[68.438477,55.194434],[68.301953,55.186523],[68.20625,55.160937],[68.225293,55.115234],[68.244043,55.052441],[68.209375,55.003027],[68.155859,54.976709],[68.073828,54.95957],[67.939941,54.953711],[67.829883,54.943555],[67.693359,54.872412],[67.484668,54.854492],[67.257324,54.828809],[67.09834,54.788184],[66.754492,54.737891],[66.555371,54.71543],[66.222656,54.667383],[65.954688,54.659521],[65.914258,54.693311],[65.707813,54.618701],[65.476953,54.623291],[65.434375,54.593311],[65.378125,54.564453],[65.315918,54.551562],[65.237402,54.516064],[65.192188,54.441113],[65.157813,54.364404],[65.088379,54.340186],[64.99541,54.36875],[64.926758,54.396631],[64.809277,54.368555],[64.649902,54.352246],[64.525098,54.362158],[64.46123,54.38418],[64.199414,54.347412],[64.062891,54.30293],[64.037402,54.279736],[64.003906,54.26709],[63.84707,54.236475],[63.721191,54.24502],[63.701367,54.243213],[63.582031,54.221924],[63.413672,54.183203],[63.292676,54.170459],[63.191309,54.171045],[63.126563,54.139258],[63.073926,54.105225],[62.632715,54.069287],[62.588281,54.044434],[62.499023,54.013184],[62.040234,54.002637],[62.002344,53.979932],[61.985645,53.954395],[61.928711,53.946484],[61.598145,53.994922],[61.333691,54.049268],[61.231055,54.019482],[61.14375,53.963818],[61.113184,53.882471],[61.113184,53.812988],[61.113184,53.753467],[61.073535,53.710449],[60.985547,53.657422],[60.979492,53.621729],[61.098535,53.583105],[61.247949,53.550977],[61.336133,53.565186],[61.409961,53.587061],[61.474121,53.580273],[61.519141,53.554492],[61.534961,53.523291],[61.526563,53.501562],[61.498535,53.484668],[61.400977,53.455811],[61.311621,53.465723],[61.228906,53.445898],[61.185938,53.406201],[61.162793,53.336768],[61.199219,53.287158],[61.310938,53.275195],[61.436816,53.239404],[61.576172,53.222461],[61.659863,53.228467],[61.766211,53.173926],[62.014648,53.107861],[62.081055,53.057422],[62.082715,53.00542],[62.037109,52.966113],[61.974219,52.94375],[61.888574,52.955908],[61.719336,52.969385],[61.533594,52.978516],[61.400781,52.995996],[61.206934,52.989062],[61.047461,52.972461],[61.006543,52.93335],[60.944727,52.860156],[60.893262,52.819434],[60.802344,52.744727],[60.774414,52.675781],[60.821289,52.569824],[60.979492,52.394775],[60.994531,52.336865],[60.937598,52.280566],[60.828418,52.233398],[60.670313,52.15083],[60.499316,52.146338],[60.425488,52.125586],[60.233691,52.024512],[60.065527,51.976465],[60.030273,51.933252],[60.06748,51.890625],[60.280371,51.834619],[60.3875,51.772998],[60.418359,51.703906],[60.464746,51.651172],[60.630371,51.616943],[60.973535,51.537061],[60.993359,51.528711],[61.014844,51.492383],[61.363086,51.441895],[61.411328,51.414746],[61.554688,51.324609],[61.585059,51.229687],[61.512207,51.137012],[61.465039,50.990234],[61.389453,50.861035],[61.226855,50.774805],[60.942285,50.695508],[60.637988,50.663721],[60.508496,50.669189],[60.424805,50.67915],[60.288086,50.70415],[60.186719,50.769775],[60.112109,50.83418],[60.058594,50.850293],[60.005273,50.839697],[59.955176,50.799268],[59.887793,50.690186],[59.812402,50.582031],[59.751172,50.543945],[59.523047,50.492871],[59.497852,50.511084],[59.523926,50.582812],[59.495117,50.604297],[59.452344,50.62041],[59.170898,50.6479],[59.064355,50.668213],[58.984863,50.676123],[58.883691,50.694434],[58.814063,50.737207],[58.664551,50.868311],[58.547461,50.971045],[58.35918,51.063818],[58.188477,51.081738],[58.174707,51.072266],[58.045117,51.068848],[57.838867,51.09165],[57.828906,51.089014],[57.764844,51.046875],[57.716992,50.980957],[57.653809,50.925146],[57.557813,50.895557],[57.442188,50.888867],[57.3125,50.946533],[57.179004,51.036035],[57.011719,51.065186],[56.849609,51.045557],[56.790332,51.031592],[56.620215,50.980859],[56.566895,51.004492],[56.491406,51.019531],[56.325586,50.936084],[56.143945,50.844629],[56.104492,50.77627],[56.049707,50.713525],[55.929199,50.65376],[55.797656,50.602051],[55.68623,50.582861],[55.542285,50.601807],[55.361133,50.665283],[55.195215,50.744727],[55.014844,50.869775],[54.867969,50.941357],[54.727148,50.998096],[54.641602,51.011572],[54.572949,50.990234],[54.546094,50.946045],[54.565625,50.911279],[54.60625,50.879883],[54.637891,50.781055],[54.65,50.660156],[54.636133,50.591602],[54.596191,50.550684],[54.555273,50.535791],[54.517383,50.541162],[54.471484,50.583789],[54.443359,50.673926],[54.421484,50.780322],[54.297852,50.914062],[54.191113,50.995703],[54.139746,51.040771],[54.041504,51.115186],[53.956836,51.161182],[53.776465,51.213721],[53.688086,51.251807],[53.534668,51.399561],[53.448633,51.444531],[53.338086,51.482373],[53.247266,51.493604],[53.227344,51.484961],[53.038379,51.463721],[52.902637,51.466943],[52.820508,51.49458],[52.735059,51.4979],[52.728125,51.498145],[52.635156,51.479541],[52.617773,51.480762],[52.571191,51.481641],[52.496191,51.512158],[52.423047,51.594238],[52.331055,51.681299],[52.219141,51.709375],[52.007129,51.672705],[51.775391,51.554248],[51.609082,51.483984],[51.473438,51.482031],[51.395996,51.471289],[51.344531,51.475342],[51.301074,51.497412],[51.290723,51.540186],[51.269922,51.594482],[51.163477,51.647461],[51.017871,51.681641],[50.882422,51.719189],[50.793945,51.729199],[50.756152,51.675146],[50.643945,51.58916],[50.516309,51.505615],[50.353711,51.369727],[50.309277,51.321582],[50.246875,51.289502],[50.104883,51.25459],[49.932324,51.197168],[49.822266,51.131885],[49.666309,51.102295],[49.498047,51.083594],[49.424609,51.027002],[49.379492,50.934668],[49.323438,50.851709],[49.058691,50.726074],[48.91377,50.64458],[48.808398,50.601318],[48.734766,50.606885],[48.655176,50.619873],[48.625098,50.612695],[48.666016,50.550342],[48.700488,50.35376],[48.749414,50.228467],[48.784766,50.156445],[48.817969,50.099854],[48.843262,50.013135],[48.810254,49.962402],[48.758984,49.92832],[48.6,49.874707],[48.434277,49.828516],[48.334961,49.858252],[48.224805,49.931934],[48.181348,49.97002],[48.060742,50.093604],[47.849609,50.282324],[47.705762,50.377979],[47.599609,50.413574],[47.503613,50.402734],[47.429199,50.357959],[47.376367,50.318115],[47.326465,50.273535],[47.294727,50.21748],[47.297656,50.140234],[47.295215,50.058496],[47.24834,50.000879],[47.12959,49.939062],[46.991992,49.852734],[46.889551,49.696973],[46.823145,49.502246],[46.802051,49.36709],[46.85293,49.303857],[46.953418,49.252588],[47.018164,49.199902],[47.031348,49.150293],[47.014258,49.09834],[46.962207,49.03833],[46.85293,48.969629],[46.702637,48.805566],[46.60918,48.573877],[46.660938,48.412256],[46.853125,48.323584],[47.004297,48.284473],[47.064648,48.232471],[47.119043,48.127002],[47.111523,48.020117],[47.093262,47.947705],[47.130762,47.876758],[47.202051,47.79248],[47.292383,47.740918],[47.387305,47.768652],[47.481934,47.803906],[47.600195,47.78999],[47.934668,47.760693],[48.109961,47.74541],[48.166992,47.708789],[48.275684,47.589941],[48.413086,47.456494],[48.552539,47.320996],[48.600684,47.262305],[48.714355,47.100488],[48.831836,46.954932],[48.959375,46.774609],[48.950293,46.725781],[48.883594,46.70542],[48.776367,46.710352],[48.693555,46.736816],[48.64707,46.758691],[48.605273,46.765918],[48.558398,46.757129],[48.518555,46.734326],[48.502344,46.698633],[48.50918,46.649951],[48.541211,46.605615],[48.586035,46.5771],[48.610156,46.566455],[48.774316,46.507959],[48.958984,46.442139],[49.184277,46.348828],[49.232227,46.337158],[49.245898,46.291602],[49.125488,46.281738],[49.110645,46.228467],[49.07959,46.189209],[48.809961,46.100488],[48.742578,46.100732],[48.683691,46.086182],[48.687305,46.02876],[48.703418,45.976221],[48.749609,45.920557],[48.72959,45.896826],[48.689648,45.888867],[48.637402,45.905762],[48.589063,45.934863],[48.537305,45.942139],[48.487012,45.934863],[48.257617,45.777783],[48.15918,45.737012],[48.052832,45.720996],[47.830176,45.663037],[47.763965,45.665967],[47.701074,45.686182],[47.649805,45.656738],[47.633301,45.584033],[47.574023,45.634277],[47.508398,45.67417],[47.479395,45.687598],[47.463281,45.679688],[47.524219,45.601709],[47.529492,45.530225],[47.514551,45.490918],[47.488672,45.455078],[47.454492,45.433057],[47.413086,45.421045],[47.391113,45.294775],[47.35127,45.217725],[47.296191,45.149463],[47.221484,45.024268],[47.161523,44.969629],[47.114746,44.905957],[47.083789,44.816992],[47.039258,44.837891],[47.00293,44.876074],[46.983691,44.825586],[46.957422,44.782568],[46.841211,44.718262],[46.755273,44.656543],[46.716113,44.560693],[46.707227,44.50332],[46.720898,44.45166],[46.753027,44.420654],[46.915723,44.387158],[47.023633,44.343262],[47.122656,44.26167],[47.229883,44.192383],[47.307031,44.103125],[47.361523,43.993359],[47.429199,43.779883],[47.462793,43.555029],[47.562598,43.834668],[47.646484,43.884619],[47.627832,43.805957],[47.567969,43.684961],[47.508984,43.509717],[47.489844,43.381689],[47.511621,43.270752],[47.512891,43.21875],[47.463184,43.035059],[47.488867,42.999756],[47.529004,42.967139],[47.634863,42.903467],[47.709082,42.810937],[47.727734,42.680713],[47.769727,42.644775],[47.822363,42.613477],[48.080176,42.353711],[48.228613,42.180957],[48.303027,42.080225],[48.383789,41.953418],[48.426367,41.923975],[48.476758,41.905127],[48.572852,41.844482],[48.518652,41.779346],[48.430664,41.66333],[48.391406,41.601904],[48.298145,41.54502],[48.142285,41.484766],[48.056055,41.458691],[47.963672,41.333984],[47.861133,41.212744],[47.791016,41.199268],[47.591797,41.218115],[47.520605,41.229053],[47.317676,41.282422],[47.261133,41.315088],[47.205273,41.455615],[47.142578,41.516064],[47.063965,41.554688],[47.010156,41.5875],[46.987793,41.621387],[46.930859,41.67041],[46.825586,41.743408],[46.749316,41.812598],[46.690332,41.831348],[46.616016,41.806934],[46.571289,41.800098],[46.552148,41.812305],[46.537695,41.87041],[46.429883,41.890967],[46.411523,41.904639],[46.267773,41.960352],[46.212695,41.989893],[46.159766,41.992041],[46.048438,42.00874],[45.954004,42.0354],[45.910352,42.070703],[45.845996,42.109961],[45.726562,42.158887],[45.638574,42.205078],[45.634277,42.234717],[45.688379,42.357373],[45.727539,42.475049],[45.705273,42.498096],[45.655566,42.517676],[45.562891,42.535742],[45.34375,42.529785],[45.208203,42.648242],[45.160254,42.675],[45.071582,42.694141],[44.943359,42.730273],[44.870996,42.756396],[44.850488,42.746826],[44.771094,42.616797],[44.691797,42.709619],[44.644336,42.734717],[44.576465,42.748486],[44.505859,42.748633],[44.329492,42.703516],[44.199707,42.653613],[44.102734,42.616357],[44.004688,42.595605],[43.957422,42.566553],[43.825977,42.571533],[43.759863,42.593848],[43.738379,42.616992],[43.749902,42.65752],[43.79541,42.702979],[43.79873,42.727783],[43.782617,42.747021],[43.623047,42.807715],[43.557813,42.844482],[43.347949,42.89668],[43.08916,42.989062],[43.000195,43.049658],[42.991602,43.091504],[42.890039,43.132617],[42.760645,43.16958],[42.660254,43.159082],[42.566016,43.155127],[42.419043,43.224219],[42.279688,43.228076],[42.122266,43.207324],[42.087793,43.199121],[42.05,43.190137],[41.580566,43.219238],[41.460742,43.276318],[41.358203,43.333398],[41.083105,43.374463],[40.941992,43.418066],[40.80166,43.479932],[40.648047,43.533887],[40.518945,43.512012],[40.342285,43.542725],[40.150195,43.569775],[40.08457,43.553125],[40.02373,43.484863],[39.97832,43.419824],[39.873633,43.472803],[39.516699,43.727881],[39.329395,43.897266],[38.717285,44.288086],[38.63584,44.318018],[38.311816,44.374463],[38.18125,44.419678],[37.851465,44.698828],[37.704883,44.661377],[37.572461,44.67085],[37.495117,44.695264],[37.411328,44.735352],[37.352344,44.788379],[37.284082,44.905029],[37.204785,44.971973],[36.944434,45.06958],[36.650781,45.126465],[36.627637,45.151318],[36.619141,45.185498],[36.873047,45.251758],[36.941211,45.289697],[36.811035,45.340039],[36.761621,45.34834],[36.72041,45.371875],[36.79375,45.409717],[36.865918,45.427051],[36.977832,45.383594],[37.103516,45.302881],[37.213574,45.272314],[37.264258,45.310937],[37.647168,45.377197],[37.672949,45.429736],[37.671875,45.488379],[37.634375,45.486328],[37.609961,45.499512],[37.612402,45.564697],[37.669238,45.654053],[37.840918,45.799561],[37.933105,46.001709],[38.014258,46.047754],[38.073828,46.01709],[38.069727,45.969873],[38.07959,45.934814],[38.132812,46.002832],[38.183594,46.094824],[38.311816,46.095361],[38.400391,46.080029],[38.492285,46.090527],[38.315234,46.241943],[38.077734,46.394336],[37.977539,46.382861],[37.913867,46.406494],[37.80957,46.53208],[37.766504,46.636133],[37.867383,46.633789],[37.967969,46.618018],[38.159473,46.690674],[38.22998,46.70127],[38.343457,46.67832],[38.500977,46.663672],[38.487988,46.732178],[38.438672,46.813086],[38.630762,46.873047],[38.801074,46.906152],[39.126758,47.023438],[39.270703,47.044141],[39.289062,47.070898],[39.293457,47.105762],[39.244531,47.199512],[39.195703,47.268848],[39.02373,47.272217],[38.92832,47.175684],[38.668164,47.143945],[38.552441,47.150342],[38.644336,47.212207],[38.736035,47.23584],[38.761914,47.261621],[38.577246,47.239111],[38.484766,47.175537],[38.214355,47.091455],[38.205859,47.135596],[38.201367,47.175244],[38.221191,47.212744],[38.265332,47.236963],[38.280762,47.259033],[38.280762,47.27666],[38.241016,47.287695],[38.208008,47.296533],[38.201367,47.320801],[38.212402,47.342773],[38.243262,47.373682],[38.256543,47.408936],[38.258789,47.479541],[38.287402,47.55918],[38.368848,47.609961],[38.510938,47.622412],[38.640625,47.665918],[38.718945,47.714111],[38.822266,47.837012],[38.900293,47.855127],[39.057813,47.848486],[39.158496,47.837402],[39.391016,47.83374],[39.658496,47.841211],[39.735938,47.844824],[39.778711,47.887549],[39.775781,47.964453],[39.813965,48.035303],[39.885059,48.168359],[39.961035,48.237939],[39.95791,48.268896],[39.918164,48.281934],[39.866309,48.288428],[39.847461,48.302783],[39.849902,48.331934],[39.889844,48.360449],[39.882617,48.419092],[39.85752,48.484229],[39.835645,48.542773],[39.76543,48.571875],[39.644727,48.591211],[39.67041,48.662451],[39.70459,48.739355],[39.755859,48.78208],[39.792871,48.807715],[39.904102,48.79375],[39.984473,48.807373],[40.003613,48.82207],[39.98916,48.851416],[39.86377,48.877979],[39.75332,48.914453],[39.705664,48.95957],[39.686523,49.00791],[39.759473,49.036572],[39.889746,49.064062],[39.976367,49.129834],[40.07002,49.200293],[40.108789,49.251562],[40.12832,49.307227],[40.126172,49.368848],[40.057813,49.431543],[40.057813,49.49707],[40.094922,49.542676],[40.080664,49.576855],[40.030664,49.596729],[39.958496,49.590771],[39.876855,49.567676],[39.780566,49.572021],[39.626563,49.650684],[39.462793,49.728027],[39.368457,49.730664],[39.30293,49.742041],[39.245996,49.781934],[39.211816,49.833203],[39.174805,49.855957],[39.114941,49.841748],[39.027734,49.818408],[38.918359,49.824707],[38.77666,49.884326],[38.647754,49.952881],[38.551953,49.95459],[38.451172,49.964062],[38.258594,50.052344],[38.208691,50.051465],[38.177539,50.025391],[38.162695,49.954541],[38.146777,49.939404],[38.1125,49.927832],[38.046875,49.92002],[37.950293,49.964209],[37.704199,50.109082],[37.605078,50.214941],[37.582324,50.291846],[37.501367,50.340723],[37.422852,50.411475],[37.343164,50.417627],[37.254883,50.394971],[37.171094,50.360889],[37.13125,50.351514],[36.988477,50.339551],[36.759082,50.291846],[36.696387,50.24624],[36.619434,50.209229],[36.559668,50.234863],[36.499805,50.280469],[36.368848,50.296826],[36.306055,50.280469],[36.243359,50.311768],[36.189453,50.367822],[36.116406,50.408545],[36.007812,50.419678],[35.890234,50.437109],[35.796191,50.405762],[35.67373,50.345996],[35.591113,50.36875],[35.545508,50.43999],[35.488477,50.459912],[35.411621,50.539697],[35.391699,50.610937],[35.411621,50.642236],[35.440137,50.68208],[35.440137,50.727686],[35.417383,50.767578],[35.383203,50.798926],[35.346094,50.904297],[35.314746,50.949902],[35.309082,50.986914],[35.334766,51.021143],[35.311914,51.043896],[35.269141,51.046777],[35.198047,51.043896],[35.158105,51.060986],[35.115332,51.12085],[35.092578,51.180664],[35.064063,51.203418],[34.990234,51.201758],[34.868555,51.189209],[34.760352,51.169336],[34.712305,51.172217],[34.616797,51.203125],[34.491016,51.237061],[34.23418,51.243799],[34.213867,51.255371],[34.228418,51.276855],[34.280664,51.31167],[34.275,51.340186],[34.229883,51.363232],[34.206543,51.419922],[34.209277,51.484082],[34.200879,51.553809],[34.146777,51.607959],[34.11543,51.644971],[34.121094,51.67915],[34.23916,51.692236],[34.379297,51.716504],[34.402734,51.741504],[34.397852,51.78042],[34.113086,51.979639],[34.015332,52.155957],[33.92207,52.251465],[33.818848,52.315625],[33.735254,52.344775],[33.613379,52.332617],[33.451855,52.333789],[33.287109,52.353564],[33.148438,52.34043],[32.899707,52.256348],[32.806445,52.252637],[32.64541,52.279102],[32.50791,52.308545],[32.435449,52.307227],[32.391309,52.294824],[32.362988,52.272119],[32.282813,52.114014],[32.216797,52.082959],[32.122266,52.050586],[32.041602,52.04502],[31.973828,52.046631],[31.875586,52.070898],[31.782422,52.099414],[31.763379,52.101074],[31.758594,52.12583],[31.690625,52.220654],[31.649902,52.262207],[31.601562,52.284814],[31.577344,52.312305],[31.576563,52.426025],[31.585547,52.532471],[31.615918,52.546191],[31.526172,52.633008],[31.519434,52.69873],[31.563477,52.731445],[31.564844,52.759229],[31.535156,52.798242],[31.442773,52.861816],[31.353027,52.933447],[31.295117,52.989795],[31.258789,53.016699],[31.30293,53.060889],[31.364551,53.138965],[31.388379,53.184814],[31.417871,53.196045],[31.562988,53.20249],[31.668262,53.200928],[31.747461,53.18418],[31.777441,53.146875],[31.849707,53.106201],[32.055469,53.089453],[32.141992,53.091162],[32.250684,53.128369],[32.42627,53.210596],[32.469336,53.270312],[32.578027,53.312402],[32.644434,53.328906],[32.704297,53.336328],[32.710254,53.371436],[32.706445,53.419434],[32.685742,53.448145],[32.469629,53.546973],[32.442383,53.579248],[32.425195,53.617285],[32.450977,53.65332],[32.450195,53.69292],[32.200391,53.78125],[31.992188,53.796875],[31.820801,53.791943],[31.754199,53.810449],[31.783008,53.85498],[31.825293,53.93501],[31.837793,54.000781],[31.825977,54.030713],[31.791992,54.055908],[31.628418,54.111182],[31.403613,54.195947],[31.299121,54.291699],[31.245508,54.39165],[31.184766,54.452979],[31.074805,54.491797],[31.081934,54.51709],[31.154883,54.610937],[31.152148,54.625342],[31.121289,54.648486],[30.98418,54.695898],[30.798828,54.783252],[30.791016,54.806006],[30.804492,54.860937],[30.829883,54.91499],[30.866797,54.940723],[30.977734,55.050488],[30.977734,55.087793],[30.958887,55.137598],[30.877441,55.223437],[30.814453,55.278711],[30.810547,55.306982],[30.820996,55.330273],[30.861816,55.3604],[30.900586,55.397412],[30.908789,55.525342],[30.906836,55.57002],[30.882227,55.596387],[30.855957,55.60752],[30.800781,55.601123],[30.72168,55.622119],[30.662305,55.655469],[30.625586,55.66626],[30.586719,55.700293],[30.475391,55.768799],[30.45625,55.786816],[30.233594,55.845215],[30.042676,55.836426],[30.0,55.83999552687765],[30.0,59.89579895548018],[30.122559,59.873584],[30.156836,59.904297],[30.172656,59.957129],[30.066376773774177,60.0],[85.0,60.0],[85.0,49.895878851676706],[84.975195,49.951074]]],[[[47.967676,45.469971],[47.920313,45.562061],[47.917578,45.618164],[47.947168,45.64707],[47.987109,45.554053],[47.983008,45.488232],[47.967676,45.469971]]],[[[33.654323,46.146222],[33.659965,46.219573],[33.806667,46.208288],[34.02672,46.106725],[34.128283,46.089798],[34.224203,46.101083],[34.353978,46.061586],[34.449898,45.965666],[34.523249,45.97695],[34.686878,45.97695],[34.794084,45.892315],[34.799726,45.790752],[34.946428,45.728686],[35.001674,45.733383],[35.022852,45.700977],[35.260156,45.446924],[35.373926,45.353613],[35.45752,45.316309],[35.558008,45.310889],[35.750977,45.389355],[35.833496,45.401611],[36.012891,45.37168],[36.077148,45.424121],[36.170508,45.453076],[36.290332,45.456738],[36.427051,45.433252],[36.575,45.393555],[36.514258,45.30376],[36.450781,45.232324],[36.428418,45.153271],[36.393359,45.065381],[36.229883,45.025977],[36.054785,45.030811],[35.870117,45.005322],[35.803613,45.0396],[35.759473,45.07085],[35.677539,45.102002],[35.569531,45.119336],[35.472559,45.098486],[35.357813,44.978418],[35.154785,44.896338],[35.087695,44.802637],[34.887793,44.823584],[34.716895,44.807129],[34.469922,44.72168],[34.281738,44.538428],[34.074414,44.423828],[33.909961,44.387598],[33.755664,44.398926],[33.655859,44.433203],[33.450684,44.553662],[33.462695,44.596826],[33.491309,44.618604],[33.530078,44.680518],[33.612207,44.907812],[33.601172,44.981494],[33.555176,45.097656],[33.39248,45.187842],[33.261523,45.170752],[33.186914,45.194775],[32.918652,45.348145],[32.772656,45.358984],[32.611328,45.328076],[32.551855,45.350391],[32.508008,45.403809],[32.828027,45.593018],[33.142285,45.749219],[33.280078,45.765234],[33.466211,45.837939],[33.664844,45.94707],[33.636719,46.032861],[33.594141,46.09624],[33.654323,46.146222]]]]}},{"type":"Feature","properties":{"code":"QAT","name_en":"Qatar","name_fa":"قطر"},"geometry":{"type":"Polygon","coordinates":[[[51.178027,24.586719],[51.093359,24.564648],[51.022754,24.565234],[50.966016,24.573926],[50.92832,24.595117],[50.855664,24.679639],[50.804395,24.789258],[50.835938,24.850391],[50.846777,24.888574],[50.777344,25.177441],[50.75459,25.399268],[50.762891,25.444727],[50.802637,25.49707],[50.868652,25.612695],[50.903809,25.724072],[51.003125,25.981445],[51.108105,26.080566],[51.262305,26.153271],[51.389063,26.011133],[51.543066,25.902393],[51.572266,25.781006],[51.526953,25.682129],[51.485352,25.524707],[51.510254,25.452344],[51.519531,25.389746],[51.561426,25.284473],[51.601953,25.147949],[51.608887,25.052881],[51.586914,24.964844],[51.533398,24.890869],[51.42793,24.668262],[51.396484,24.645117],[51.267969,24.607227],[51.178027,24.586719]]]}},{"type":"Feature","properties":{"code":"PAK","name_en":"Pakistan","name_fa":"پاکستان"},"geometry":{"type":"Polygon","coordinates":[[[76.812793,35.571826],[76.882227,35.435742],[76.927734,35.346631],[76.978906,35.246436],[77.004492,35.196338],[77.048633,35.109912],[77.030664,35.062354],[77.000879,34.991992],[76.891699,34.938721],[76.78291,34.900195],[76.75752,34.877832],[76.749023,34.847559],[76.696289,34.786914],[76.594434,34.73584],[76.509961,34.740869],[76.456738,34.756104],[76.172461,34.667725],[76.041016,34.669922],[75.938281,34.612549],[75.862109,34.560254],[75.70918,34.503076],[75.605566,34.502734],[75.452539,34.536719],[75.264063,34.601367],[75.1875,34.639014],[75.118457,34.636816],[74.951855,34.64585],[74.78877,34.677734],[74.594141,34.715771],[74.497949,34.732031],[74.300391,34.765381],[74.171973,34.720898],[74.055859,34.680664],[73.96123,34.653467],[73.883105,34.529053],[73.850098,34.485303],[73.812109,34.422363],[73.794531,34.378223],[73.809961,34.325342],[73.924609,34.287842],[73.972363,34.236621],[73.979492,34.191309],[73.938281,34.144775],[73.903906,34.108008],[73.904102,34.075684],[73.922363,34.043066],[73.949902,34.018799],[74.112598,34.003711],[74.208984,34.003418],[74.246484,33.990186],[74.250879,33.946094],[74.215625,33.886572],[74.078418,33.838672],[74.000977,33.788184],[73.976465,33.721289],[73.977539,33.667822],[74.004004,33.632422],[74.069727,33.591699],[74.13125,33.545068],[74.15,33.506982],[74.142578,33.455371],[74.117773,33.384131],[74.050391,33.30127],[73.994238,33.242188],[73.989844,33.221191],[74.003809,33.189453],[74.049121,33.143408],[74.12627,33.075439],[74.22207,33.020312],[74.283594,33.005127],[74.303613,32.991797],[74.322754,32.927979],[74.32998,32.86084],[74.305469,32.810449],[74.35459,32.768701],[74.483398,32.770996],[74.588281,32.753223],[74.632422,32.770898],[74.663281,32.757666],[74.643359,32.607715],[74.657813,32.518945],[74.685742,32.493799],[74.788867,32.457812],[74.987305,32.462207],[75.104102,32.420361],[75.233691,32.372119],[75.302637,32.318896],[75.333496,32.279199],[75.324707,32.215283],[75.254102,32.140332],[75.13877,32.104785],[75.071484,32.089355],[74.739453,31.948828],[74.635742,31.889746],[74.555566,31.818555],[74.525977,31.765137],[74.509961,31.712939],[74.581836,31.523926],[74.593945,31.465381],[74.534961,31.261377],[74.517676,31.185596],[74.539746,31.132666],[74.610352,31.112842],[74.625781,31.06875],[74.632812,31.034668],[74.509766,30.959668],[74.380371,30.893408],[74.339355,30.893555],[74.215625,30.768994],[74.008984,30.519678],[73.899316,30.435352],[73.891602,30.394043],[73.882715,30.352148],[73.924609,30.281641],[73.933398,30.22207],[73.886523,30.162012],[73.80918,30.093359],[73.658008,30.033203],[73.46748,29.97168],[73.381641,29.934375],[73.317285,29.772998],[73.257812,29.610693],[73.231152,29.550635],[73.12832,29.363916],[72.94873,29.088818],[72.90332,29.02876],[72.625586,28.896143],[72.341895,28.751904],[72.291992,28.697266],[72.233887,28.56582],[72.179199,28.421777],[72.128516,28.346338],[71.948047,28.177295],[71.888867,28.047461],[71.870313,27.9625],[71.716699,27.915088],[71.542969,27.869873],[71.290137,27.855273],[71.184766,27.831641],[70.874902,27.714453],[70.797949,27.709619],[70.737402,27.729004],[70.691602,27.768994],[70.649121,27.835352],[70.629102,27.937451],[70.569238,27.983789],[70.488574,28.023145],[70.403711,28.025049],[70.318457,27.981641],[70.244336,27.934131],[70.193945,27.894873],[70.144531,27.849023],[70.049805,27.694727],[69.896289,27.473633],[69.724805,27.312695],[69.661328,27.264502],[69.621582,27.228076],[69.567969,27.174609],[69.537012,27.122949],[69.494531,26.95415],[69.47002,26.804443],[69.48125,26.770996],[69.506934,26.742676],[69.600586,26.699121],[69.735938,26.627051],[69.911426,26.586133],[70.059375,26.57876],[70.114648,26.548047],[70.147656,26.506445],[70.156836,26.471436],[70.149219,26.347559],[70.132617,26.214795],[70.077734,26.071973],[70.078613,25.990039],[70.100195,25.910059],[70.264648,25.706543],[70.325195,25.685742],[70.448535,25.681348],[70.505859,25.685303],[70.569531,25.705957],[70.614844,25.691895],[70.648438,25.666943],[70.657227,25.625781],[70.652051,25.4229],[70.702539,25.331055],[70.800488,25.205859],[70.877734,25.062988],[70.950879,24.891602],[71.020703,24.757666],[71.047852,24.687744],[71.002344,24.653906],[70.976367,24.61875],[70.969824,24.571875],[70.979297,24.522461],[70.973242,24.487402],[71.00625,24.444336],[71.045313,24.42998],[71.044043,24.400098],[70.982813,24.361035],[70.928125,24.362354],[70.88623,24.34375],[70.805078,24.261963],[70.767285,24.24541],[70.716309,24.237988],[70.659473,24.246094],[70.579297,24.279053],[70.555859,24.331104],[70.565039,24.385791],[70.546777,24.418311],[70.489258,24.412158],[70.289062,24.356299],[70.098242,24.2875],[70.065137,24.240576],[70.021094,24.191553],[69.933789,24.171387],[69.805176,24.165234],[69.716211,24.172607],[69.63418,24.225195],[69.55918,24.273096],[69.443457,24.275391],[69.235059,24.268262],[69.119531,24.268652],[69.051563,24.286328],[68.98457,24.273096],[68.900781,24.292432],[68.863477,24.266504],[68.82832,24.264014],[68.8,24.309082],[68.781152,24.313721],[68.758984,24.307227],[68.739648,24.291992],[68.728125,24.265625],[68.724121,23.964697],[68.586621,23.966602],[68.488672,23.967236],[68.38125,23.950879],[68.28252,23.927979],[68.23418,23.900537],[68.165039,23.857324],[68.148828,23.797217],[68.115527,23.753369],[68.067773,23.818359],[68.037012,23.848242],[68.001465,23.826074],[67.950977,23.828613],[67.859961,23.902686],[67.819043,23.828076],[67.668457,23.810986],[67.649512,23.867285],[67.645801,23.919873],[67.563086,23.881836],[67.503613,23.940039],[67.476855,24.018262],[67.453906,24.039893],[67.427637,24.064844],[67.365234,24.091602],[67.309375,24.174805],[67.304297,24.262891],[67.288672,24.367773],[67.171484,24.756104],[67.100586,24.791943],[66.703027,24.860937],[66.682227,24.928857],[66.709863,25.111328],[66.698633,25.226318],[66.569922,25.378516],[66.533887,25.484375],[66.428613,25.575342],[66.324219,25.601807],[66.219043,25.589893],[66.162305,25.553906],[66.131152,25.493262],[66.356445,25.507373],[66.407129,25.485059],[66.467676,25.445312],[66.40293,25.446826],[66.32832,25.465771],[66.234668,25.464355],[65.883594,25.419629],[65.679688,25.355273],[65.40625,25.374316],[65.061328,25.311084],[64.77666,25.307324],[64.658984,25.184082],[64.594043,25.206299],[64.54375,25.23667],[64.152051,25.333447],[64.124902,25.373926],[64.059375,25.40293],[63.987305,25.351172],[63.935547,25.342529],[63.720898,25.385889],[63.556641,25.353174],[63.495703,25.29751],[63.491406,25.21084],[63.285742,25.227588],[63.17002,25.254883],[63.015039,25.224658],[62.664746,25.264795],[62.572461,25.254736],[62.444727,25.197266],[62.391211,25.152539],[62.315332,25.134912],[62.24873,25.197363],[62.198633,25.224854],[62.152148,25.206641],[62.089453,25.155322],[61.90791,25.131299],[61.743652,25.138184],[61.566895,25.186328],[61.587891,25.202344],[61.61543,25.286133],[61.640137,25.584619],[61.671387,25.692383],[61.661816,25.75127],[61.668652,25.768994],[61.737695,25.821094],[61.754395,25.843359],[61.780762,25.99585],[61.809961,26.165283],[61.842383,26.225928],[61.869824,26.242432],[62.089063,26.318262],[62.125977,26.368994],[62.239355,26.357031],[62.249609,26.369238],[62.259668,26.42749],[62.312305,26.490869],[62.385059,26.542627],[62.439258,26.561035],[62.636426,26.593652],[62.751563,26.63916],[62.786621,26.643896],[63.092969,26.632324],[63.157813,26.649756],[63.168066,26.665576],[63.186133,26.837598],[63.241602,26.864746],[63.250391,26.879248],[63.231445,26.998145],[63.24209,27.077686],[63.305176,27.124561],[63.301563,27.151465],[63.25625,27.20791],[63.196094,27.243945],[63.166797,27.25249],[62.91543,27.218408],[62.811621,27.229443],[62.762988,27.250195],[62.752734,27.265625],[62.7625,27.300195],[62.764258,27.356738],[62.800879,27.444531],[62.812012,27.497021],[62.782324,27.800537],[62.739746,28.002051],[62.7625,28.202051],[62.758008,28.243555],[62.749414,28.252881],[62.717578,28.252783],[62.564551,28.235156],[62.433887,28.363867],[62.353027,28.414746],[62.130566,28.478809],[62.033008,28.491016],[61.889844,28.546533],[61.758008,28.667676],[61.623047,28.791602],[61.56875,28.870898],[61.508594,29.006055],[61.337891,29.26499],[61.339453,29.331787],[61.318359,29.372607],[61.152148,29.542725],[61.03418,29.663428],[60.843359,29.858691],[61.224414,29.749414],[61.521484,29.665674],[62.000977,29.53042],[62.373438,29.425391],[62.476562,29.40835],[63.567578,29.497998],[63.970996,29.430078],[64.09873,29.391943],[64.117969,29.414258],[64.172168,29.460352],[64.266113,29.506934],[64.39375,29.544336],[64.521094,29.564502],[64.703516,29.567139],[64.827344,29.56416],[64.918945,29.552783],[65.095508,29.559473],[65.180469,29.577637],[65.470996,29.651562],[65.666211,29.701318],[65.961621,29.778906],[66.177051,29.835596],[66.23125,29.865723],[66.286914,29.92002],[66.313379,29.968555],[66.247168,30.043506],[66.238477,30.109619],[66.281836,30.193457],[66.305469,30.321143],[66.300977,30.502979],[66.286914,30.60791],[66.346875,30.802783],[66.397168,30.912207],[66.497363,30.964551],[66.566797,30.996582],[66.595801,31.019971],[66.624219,31.046045],[66.731348,31.194531],[66.829297,31.263672],[66.924316,31.305615],[67.027734,31.300244],[67.115918,31.24292],[67.287305,31.217822],[67.452832,31.234619],[67.596387,31.277686],[67.661523,31.312988],[67.737891,31.343945],[67.733496,31.379248],[67.64707,31.409961],[67.597559,31.45332],[67.578223,31.506494],[67.626758,31.53877],[67.739844,31.548193],[68.017188,31.677979],[68.130176,31.763281],[68.161035,31.802979],[68.213965,31.807373],[68.319824,31.767676],[68.443262,31.754492],[68.520703,31.794141],[68.597656,31.802979],[68.673242,31.759717],[68.713672,31.708057],[68.782324,31.646436],[68.868945,31.634229],[68.973438,31.667383],[69.083105,31.738477],[69.186914,31.838086],[69.279297,31.936816],[69.256543,32.249463],[69.241406,32.433545],[69.289941,32.530566],[69.359473,32.590332],[69.405371,32.682715],[69.40459,32.764258],[69.453125,32.832812],[69.501563,33.020068],[69.567773,33.06416],[69.703711,33.094727],[69.920117,33.1125],[70.090234,33.198096],[70.261133,33.289014],[70.28418,33.369043],[70.219727,33.454687],[70.13418,33.620752],[70.056641,33.719873],[69.868066,33.897656],[69.889648,34.007275],[69.994727,34.051807],[70.253613,33.975977],[70.325684,33.961133],[70.415723,33.950439],[70.654004,33.952295],[70.848438,33.981885],[71.051563,34.049707],[71.091309,34.120264],[71.089063,34.204053],[71.092383,34.273242],[71.095703,34.369434],[71.022949,34.431152],[70.978906,34.486279],[70.965625,34.530371],[71.016309,34.554639],[71.065625,34.599609],[71.113281,34.681592],[71.225781,34.779541],[71.294141,34.867725],[71.358105,34.909619],[71.455078,34.966943],[71.51709,35.051123],[71.545508,35.101416],[71.60166,35.150684],[71.620508,35.183008],[71.605273,35.211768],[71.577246,35.247998],[71.545508,35.288867],[71.545508,35.328516],[71.571973,35.37041],[71.600586,35.40791],[71.587402,35.46084],[71.571973,35.546826],[71.519043,35.59751],[71.483594,35.7146],[71.427539,35.83374],[71.397559,35.880176],[71.342871,35.938525],[71.220215,36.000684],[71.185059,36.04209],[71.23291,36.121777],[71.312598,36.171191],[71.463281,36.293262],[71.545898,36.377686],[71.620508,36.436475],[71.716406,36.426562],[71.772656,36.431836],[71.822266,36.486084],[71.920703,36.53418],[72.095605,36.63374],[72.156738,36.700879],[72.249805,36.734717],[72.326953,36.742383],[72.431152,36.76582],[72.531348,36.802002],[72.622852,36.82959],[72.766211,36.83501],[72.99375,36.851611],[73.116797,36.868555],[73.411133,36.881689],[73.731836,36.887793],[73.769141,36.888477],[73.907813,36.85293],[74.001855,36.823096],[74.038867,36.825732],[74.194727,36.896875],[74.431055,36.983691],[74.541406,37.022168],[74.600586,37.03667],[74.692188,37.035742],[74.766016,37.012744],[74.841211,36.979102],[74.889258,36.952441],[74.949121,36.968359],[75.053906,36.987158],[75.145215,36.973242],[75.34668,36.913477],[75.376855,36.883691],[75.424219,36.738232],[75.460254,36.725049],[75.57373,36.759326],[75.667188,36.741992],[75.772168,36.694922],[75.840234,36.649707],[75.884961,36.600732],[75.933008,36.521582],[75.951855,36.458105],[75.974414,36.382422],[75.968652,36.168848],[75.934082,36.133936],[75.904883,36.088477],[75.912305,36.048975],[75.945117,36.017578],[76.010449,35.996338],[76.070898,35.983008],[76.10332,35.949219],[76.147852,35.829004],[76.177832,35.810547],[76.25166,35.810937],[76.385742,35.837158],[76.502051,35.878223],[76.55127,35.887061],[76.563477,35.772998],[76.631836,35.729395],[76.727539,35.678662],[76.766895,35.661719],[76.812793,35.571826]]]}},{"type":"Feature","properties":{"code":"OMN","name_en":"Oman","name_fa":"عمان"},"geometry":{"type":"MultiPolygon","coordinates":[[[[58.659082,20.203613],[58.640918,20.210693],[58.641211,20.337354],[58.787988,20.496582],[58.884375,20.680566],[58.950781,20.516162],[58.835156,20.423926],[58.772266,20.266846],[58.72207,20.21875],[58.659082,20.203613]]],[[[53.025,16.780225],[52.964355,16.912061],[52.903711,17.043848],[52.842969,17.175684],[52.800586,17.26792],[52.729199,17.300391],[52.685938,17.397949],[52.641699,17.497852],[52.597363,17.597754],[52.553125,17.697607],[52.508887,17.79751],[52.464551,17.897412],[52.420313,17.997314],[52.376074,18.097168],[52.331738,18.19707],[52.2875,18.296924],[52.243262,18.396826],[52.199023,18.49668],[52.154688,18.596582],[52.110449,18.696484],[52.066211,18.796387],[52.021875,18.896289],[51.977637,18.996143],[52.118555,19.043164],[52.290625,19.100488],[52.462695,19.157812],[52.634668,19.215137],[52.806738,19.272461],[52.978711,19.329785],[53.150781,19.387158],[53.322852,19.444482],[53.494824,19.501807],[53.666895,19.559131],[53.838867,19.616504],[54.010938,19.673828],[54.183008,19.731152],[54.35498,19.788477],[54.527051,19.845801],[54.699023,19.903125],[54.871094,19.960498],[54.977344,19.995947],[55.021484,20.129248],[55.058203,20.239941],[55.094727,20.350635],[55.131445,20.461328],[55.168066,20.572021],[55.20459,20.682715],[55.241211,20.793408],[55.27793,20.904102],[55.314453,21.014795],[55.351074,21.125537],[55.387695,21.23623],[55.424316,21.346924],[55.460938,21.457617],[55.497559,21.568311],[55.53418,21.679004],[55.570801,21.789697],[55.607422,21.900391],[55.641016,22.001855],[55.577734,22.099512],[55.492773,22.230664],[55.403809,22.367822],[55.320117,22.496924],[55.259277,22.590918],[55.18584,22.704102],[55.194043,22.85],[55.192188,22.922949],[55.199902,23.034766],[55.270215,23.189941],[55.353223,23.387451],[55.413867,23.51875],[55.466309,23.63291],[55.508496,23.724609],[55.531641,23.819043],[55.519336,23.885498],[55.491797,23.909668],[55.468457,23.941113],[55.547852,23.991357],[55.696582,24.024121],[55.779102,24.01709],[55.894141,24.041406],[55.985156,24.063379],[55.992188,24.092969],[55.966309,24.142627],[55.928613,24.215137],[55.799707,24.222656],[55.76084,24.242676],[55.805664,24.349805],[55.804004,24.383545],[55.786816,24.423535],[55.768164,24.490625],[55.777539,24.577344],[55.803906,24.63623],[55.804199,24.683594],[55.791602,24.781299],[55.795703,24.868115],[55.822852,24.911279],[55.870703,24.951416],[55.91582,24.971777],[55.963086,24.970264],[56.000586,24.953223],[56.016699,24.907715],[56.006348,24.876416],[55.979688,24.87207],[55.970313,24.858936],[56.008398,24.798242],[56.063867,24.73877],[56.106543,24.748682],[56.154492,24.795508],[56.204688,24.833301],[56.267871,24.866699],[56.313574,24.931299],[56.35293,24.973291],[56.387988,24.979199],[56.489844,24.716357],[56.640625,24.470312],[56.774121,24.33457],[56.9125,24.150195],[57.123047,23.980713],[57.219824,23.922754],[57.611328,23.803662],[57.825098,23.759131],[58.12041,23.716553],[58.324512,23.623828],[58.393164,23.618164],[58.5,23.645654],[58.578027,23.643457],[58.773047,23.517187],[58.830371,23.397461],[58.911523,23.33418],[58.983398,23.234717],[59.029883,23.130566],[59.194727,22.971875],[59.310938,22.793359],[59.429395,22.66084],[59.535156,22.578516],[59.695605,22.546143],[59.823242,22.508984],[59.8375,22.420557],[59.824414,22.305176],[59.8,22.219922],[59.680859,22.053809],[59.652539,21.951367],[59.517578,21.782324],[59.371484,21.498828],[59.304492,21.435352],[59.06875,21.289062],[58.895703,21.112793],[58.69043,20.807129],[58.53418,20.503906],[58.474219,20.406885],[58.34873,20.386914],[58.266016,20.395459],[58.208984,20.423975],[58.231641,20.506836],[58.24502,20.599219],[58.169434,20.589502],[58.10293,20.570361],[57.947168,20.343604],[57.861816,20.244141],[57.843652,20.117725],[57.802148,19.95459],[57.741211,19.804492],[57.71416,19.678418],[57.715137,19.606934],[57.76084,19.432227],[57.763965,19.25332],[57.790332,19.145947],[57.811621,19.01709],[57.738477,18.977344],[57.675781,18.957861],[57.42793,18.943799],[57.176563,18.902588],[56.957227,18.827832],[56.825977,18.753516],[56.655078,18.587354],[56.550781,18.165967],[56.383496,17.987988],[56.270313,17.950781],[55.997656,17.935205],[55.613867,17.886084],[55.479102,17.843262],[55.255371,17.585645],[55.238184,17.504736],[55.281445,17.44624],[55.295605,17.381592],[55.275195,17.320898],[55.17373,17.157617],[55.06416,17.038916],[54.771875,16.964648],[54.664648,17.008887],[54.566504,17.03125],[54.376953,17.033643],[54.068164,17.005518],[53.954395,16.917822],[53.775391,16.855713],[53.609863,16.759961],[53.297754,16.72334],[53.085645,16.648389],[53.025,16.780225]]],[[[56.278516,25.627734],[56.249512,25.625391],[56.183594,25.644922],[56.144629,25.690527],[56.151953,25.746094],[56.154102,25.848486],[56.172559,25.945166],[56.16748,26.047461],[56.116504,26.068164],[56.080469,26.062646],[56.164453,26.207031],[56.197266,26.229199],[56.228418,26.219775],[56.305566,26.235205],[56.346484,26.313623],[56.378711,26.356348],[56.413086,26.351172],[56.429785,26.327197],[56.417773,26.208154],[56.416406,26.10874],[56.373633,25.80459],[56.329297,25.751953],[56.307227,25.709326],[56.297852,25.650684],[56.278516,25.627734]]],[[[56.240234,25.208838],[56.210547,25.213281],[56.216504,25.266699],[56.234277,25.303809],[56.277344,25.300879],[56.287793,25.278613],[56.281836,25.235547],[56.240234,25.208838]]]]}},{"type":"Feature","properties":{"code":"NPL","name_en":"Nepal","name_fa":"نپال"},"geometry":{"type":"Polygon","coordinates":[[[84.937207,26.926904],[84.685352,27.041016],[84.653809,27.091699],[84.654785,27.203662],[84.640723,27.249854],[84.610156,27.298682],[84.480859,27.348193],[84.229785,27.427832],[84.091016,27.491357],[84.024805,27.46167],[83.897168,27.435107],[83.828809,27.377832],[83.746973,27.395947],[83.55166,27.456348],[83.447168,27.465332],[83.383984,27.444824],[83.369434,27.410254],[83.289746,27.370996],[83.213867,27.402295],[83.064063,27.444531],[82.932813,27.467676],[82.733398,27.518994],[82.71084,27.59668],[82.677344,27.673437],[82.629883,27.687061],[82.451367,27.671826],[82.287695,27.756543],[82.111914,27.864941],[82.037012,27.900586],[81.987695,27.91377],[81.945215,27.899268],[81.896875,27.874463],[81.852637,27.86709],[81.757227,27.913818],[81.635547,27.980469],[81.486035,28.062207],[81.31084,28.176367],[81.238965,28.240869],[81.20625,28.289404],[81.168945,28.33501],[81.016602,28.40957],[80.896094,28.468555],[80.750781,28.539697],[80.726172,28.553906],[80.671289,28.59624],[80.587012,28.649609],[80.517871,28.665186],[80.495801,28.635791],[80.479102,28.604883],[80.418555,28.612012],[80.324805,28.666406],[80.226562,28.72334],[80.149609,28.776074],[80.070703,28.830176],[80.05166,28.870312],[80.08457,28.994189],[80.130469,29.100391],[80.169531,29.124316],[80.233008,29.194629],[80.255957,29.318018],[80.254883,29.42334],[80.316895,29.57207],[80.401855,29.730273],[80.549023,29.899805],[80.612891,29.955859],[80.684082,29.994336],[80.819922,30.119336],[80.848145,30.139746],[80.907617,30.171924],[80.966113,30.180029],[81.010254,30.164502],[81.055566,30.098975],[81.110352,30.036816],[81.177148,30.039893],[81.255078,30.093311],[81.417188,30.337598],[81.641895,30.3875],[81.854883,30.362402],[82.043359,30.326758],[82.098926,30.245068],[82.135352,30.158984],[82.158984,30.115186],[82.220703,30.063867],[82.486523,29.941504],[82.64082,29.831201],[82.854297,29.683398],[83.013965,29.618066],[83.155469,29.612646],[83.235156,29.55459],[83.355176,29.43916],[83.456641,29.306348],[83.583496,29.183594],[83.671094,29.187598],[83.79043,29.227441],[83.935938,29.279492],[84.021973,29.253857],[84.101367,29.219971],[84.127832,29.156299],[84.175586,29.036377],[84.228711,28.911768],[84.312109,28.868115],[84.410742,28.803906],[84.46543,28.75293],[84.650586,28.65957],[84.676758,28.621533],[84.714258,28.595557],[84.759375,28.579248],[84.796875,28.560205],[84.855078,28.553613],[85.0,28.591562588252057],[85.0,26.89025669950549],[84.937207,26.926904]]]}},{"type":"Feature","properties":{"code":"MDA","name_en":"Moldova","name_fa":"مولداوی"},"geometry":{"type":"Polygon","coordinates":[[[30.131055,46.423096],[30.10752,46.401562],[30.075684,46.377832],[30.0,46.37108252050775],[30.0,46.49648499968076],[30.131055,46.423096]]]}},{"type":"Feature","properties":{"code":"LBN","name_en":"Lebanon","name_fa":"لبنان"},"geometry":{"type":"Polygon","coordinates":[[[36.151074,34.628613],[36.263574,34.632861],[36.296289,34.678711],[36.383887,34.65791],[36.433008,34.613477],[36.388672,34.566895],[36.32627,34.51333],[36.329883,34.499609],[36.376465,34.495166],[36.455566,34.466162],[36.504395,34.432373],[36.584961,34.22124],[36.535156,34.134326],[36.45752,34.056836],[36.422852,34.049854],[36.354883,34.011328],[36.297852,33.958643],[36.277832,33.925293],[36.282227,33.894189],[36.362793,33.855127],[36.365039,33.839355],[36.348535,33.827051],[36.283398,33.835596],[36.199414,33.839551],[36.149805,33.839502],[36.092188,33.831592],[36.018848,33.783936],[35.986133,33.752637],[35.968457,33.732422],[35.942383,33.667578],[35.97168,33.623096],[36.02666,33.597949],[36.034473,33.585059],[36.022266,33.5625],[35.967578,33.53457],[35.926563,33.500293],[35.914746,33.465381],[35.869141,33.431738],[35.840723,33.415674],[35.7875,33.369775],[35.734473,33.332617],[35.627246,33.275049],[35.60293,33.240625],[35.579297,33.271484],[35.53252,33.250488],[35.493164,33.119482],[35.41123,33.075684],[35.308887,33.079541],[35.22334,33.091992],[35.108594,33.083691],[35.155078,33.16001],[35.203516,33.258984],[35.251367,33.392627],[35.335742,33.503467],[35.51084,33.879736],[35.611816,34.032178],[35.647852,34.248242],[35.804297,34.437402],[35.921387,34.493311],[35.97793,34.547412],[35.97627,34.629199],[36.151074,34.628613]]]}},{"type":"Feature","properties":{"code":"KGZ","name_en":"Kyrgyzstan","name_fa":"قرقیزستان"},"geometry":{"type":"Polygon","coordinates":[[[70.990625,40.254883],[71.094531,40.27124],[71.304688,40.286914],[71.376172,40.275195],[71.457422,40.241992],[71.52041,40.208984],[71.580469,40.210254],[71.629883,40.217139],[71.650879,40.208008],[71.666797,40.178613],[71.69248,40.152344],[71.772656,40.188037],[71.84541,40.234326],[71.902734,40.240967],[71.955664,40.258594],[71.971094,40.289502],[72.012598,40.340723],[72.13125,40.438623],[72.192871,40.454443],[72.232813,40.454395],[72.234668,40.438623],[72.254004,40.424219],[72.357715,40.40166],[72.389258,40.427393],[72.405957,40.463086],[72.369727,40.519727],[72.369043,40.543457],[72.382617,40.565137],[72.402051,40.578076],[72.56748,40.524365],[72.604102,40.525439],[72.67959,40.555615],[72.748828,40.608691],[72.773828,40.650391],[73.112891,40.786035],[73.136914,40.810645],[73.132129,40.828516],[72.990039,40.860107],[72.925977,40.842432],[72.866602,40.842334],[72.830957,40.862158],[72.658301,40.869922],[72.62041,40.883789],[72.505957,40.981689],[72.427344,41.018945],[72.364063,41.043457],[72.294922,41.039941],[72.213086,41.014258],[72.187305,41.025928],[72.180664,41.066846],[72.180957,41.118457],[72.164258,41.17373],[72.11543,41.186572],[72.052441,41.164746],[71.958496,41.187061],[71.878613,41.19502],[71.858008,41.311377],[71.825781,41.361035],[71.79248,41.413135],[71.757715,41.428027],[71.700684,41.454004],[71.697266,41.515576],[71.685156,41.533008],[71.664941,41.541211],[71.6375,41.53418],[71.602246,41.503271],[71.619629,41.435449],[71.60625,41.367432],[71.585547,41.333252],[71.545605,41.308057],[71.5,41.307471],[71.420898,41.341895],[71.408398,41.136035],[71.393066,41.123389],[71.298828,41.15249],[71.223438,41.139941],[71.110742,41.152637],[71.025977,41.186572],[70.962598,41.195996],[70.860449,41.224902],[70.782422,41.2625],[70.734375,41.400537],[70.688867,41.449805],[70.645898,41.460352],[70.471387,41.412646],[70.407813,41.449561],[70.290039,41.496826],[70.200879,41.514453],[70.176953,41.53999],[70.180957,41.571436],[70.45498,41.725049],[70.562891,41.830811],[70.630859,41.875488],[70.727734,41.905225],[70.80332,41.922656],[70.841895,42.019629],[70.856641,42.030811],[70.910352,42.037988],[71.032227,42.077783],[71.228516,42.162891],[71.232324,42.186279],[71.212695,42.206445],[71.12998,42.25],[71.036035,42.284668],[70.979004,42.266553],[70.946777,42.248682],[70.892871,42.293701],[70.892871,42.33999],[70.952344,42.419385],[71.001953,42.459082],[71.022754,42.535449],[71.093555,42.586523],[71.167383,42.667432],[71.256641,42.733545],[71.42207,42.783154],[71.514258,42.766943],[71.600781,42.778662],[71.734766,42.818896],[71.760547,42.821484],[71.816797,42.822168],[72.161816,42.760693],[72.275781,42.757666],[72.543164,42.677734],[72.666113,42.6604],[72.75293,42.637891],[72.792383,42.603467],[72.855078,42.561133],[73.19082,42.526855],[73.28291,42.504102],[73.316016,42.466992],[73.411621,42.419775],[73.492969,42.409033],[73.421875,42.593506],[73.450195,42.703027],[73.55625,43.002783],[73.612012,43.0479],[73.718555,43.087891],[73.886035,43.132568],[73.949219,43.19502],[74.08623,43.188623],[74.145898,43.194092],[74.186816,43.205273],[74.209082,43.240381],[74.363867,43.179443],[74.622266,43.056201],[74.817578,42.978174],[75.047656,42.904395],[75.366211,42.836963],[75.635645,42.8146],[75.681738,42.830469],[75.789551,42.93291],[75.840332,42.9375],[75.932227,42.928516],[76.218164,42.92373],[76.50918,42.918896],[76.646484,42.928809],[76.944043,42.971484],[76.988086,42.973584],[77.057324,42.970654],[77.235547,42.912646],[77.368555,42.904443],[77.459277,42.904736],[77.512207,42.900049],[77.622461,42.902246],[77.80166,42.895215],[78.023145,42.85752],[78.290039,42.864355],[78.375977,42.871484],[78.524219,42.864648],[78.642285,42.828711],[78.791504,42.79082],[78.885156,42.774902],[78.947949,42.766699],[79.059863,42.763818],[79.12666,42.775732],[79.164844,42.759033],[79.203027,42.666016],[79.295508,42.604834],[79.367773,42.547217],[79.428223,42.483496],[79.490137,42.457568],[79.598437,42.456641],[79.803418,42.438477],[79.921094,42.413135],[80.071289,42.302979],[80.209375,42.190039],[80.229199,42.129834],[80.246191,42.059814],[80.235156,42.043457],[80.216211,42.032422],[79.909668,42.01499],[79.84043,41.995752],[79.766113,41.898877],[79.503906,41.820996],[79.354395,41.781055],[79.293555,41.782812],[79.148438,41.719141],[78.742578,41.560059],[78.543164,41.45957],[78.442871,41.417529],[78.362402,41.371631],[78.348828,41.325195],[78.346289,41.281445],[78.123438,41.075635],[77.956445,41.050684],[77.815234,41.055615],[77.719336,41.024316],[77.581738,40.992773],[77.283984,41.014355],[77.182031,41.010742],[76.986621,41.03916],[76.907715,41.02417],[76.824023,40.982324],[76.708398,40.818115],[76.661133,40.779639],[76.639844,40.742236],[76.622168,40.662354],[76.57793,40.577881],[76.520898,40.51123],[76.480176,40.449512],[76.396387,40.389795],[76.318555,40.352246],[76.258301,40.430762],[76.206055,40.408398],[76.156641,40.376465],[76.062305,40.387549],[76.004297,40.371436],[75.871973,40.303223],[75.677148,40.305811],[75.655957,40.329248],[75.617383,40.516602],[75.583496,40.605322],[75.555566,40.625195],[75.520801,40.627539],[75.241016,40.480273],[75.111328,40.454102],[75.004492,40.449512],[74.865625,40.493506],[74.835156,40.482617],[74.811133,40.458789],[74.80127,40.428516],[74.841797,40.344971],[74.830469,40.328516],[74.767773,40.329883],[74.679883,40.310596],[74.613086,40.272168],[74.411914,40.137207],[74.242676,40.092041],[74.085156,40.074316],[74.020508,40.059375],[73.991602,40.043115],[73.93877,39.978809],[73.88457,39.87793],[73.85625,39.828662],[73.835352,39.800146],[73.839746,39.762842],[73.88252,39.714551],[73.914648,39.606494],[73.907129,39.578516],[73.872754,39.533301],[73.822949,39.488965],[73.715723,39.462256],[73.631641,39.448877],[73.575586,39.457617],[73.47041,39.460596],[73.387402,39.442725],[73.336133,39.412354],[73.234961,39.374561],[73.109277,39.361914],[72.949414,39.35708],[72.872461,39.3604],[72.639941,39.385986],[72.563379,39.377197],[72.490234,39.357373],[72.357715,39.336865],[72.287207,39.27373],[72.249805,39.215674],[72.22998,39.20752],[72.147363,39.260742],[72.08418,39.310645],[72.042773,39.352148],[71.991016,39.350928],[71.805957,39.275586],[71.778613,39.277979],[71.725684,39.306592],[71.735352,39.377734],[71.732227,39.422998],[71.672656,39.44707],[71.546289,39.453076],[71.50332,39.478809],[71.505859,39.51709],[71.517383,39.553857],[71.503027,39.582178],[71.470313,39.603662],[71.404297,39.597852],[71.328516,39.568701],[71.272852,39.535303],[71.202734,39.519824],[71.118066,39.513574],[71.065039,39.493408],[71.004883,39.411865],[70.799316,39.394727],[70.733105,39.413281],[70.678613,39.471289],[70.607813,39.564404],[70.567969,39.575879],[70.501172,39.587354],[70.39209,39.581885],[70.244824,39.542627],[70.209277,39.575],[70.171094,39.58418],[70.136816,39.557568],[70.10166,39.560596],[69.955957,39.553076],[69.77207,39.556738],[69.666992,39.574902],[69.598828,39.573779],[69.463281,39.53208],[69.391504,39.532471],[69.297656,39.524805],[69.280273,39.665869],[69.229102,39.761084],[69.244727,39.8271],[69.278809,39.917773],[69.307227,39.968555],[69.36543,39.94707],[69.431934,39.909766],[69.47627,39.919727],[69.487891,39.950439],[69.470996,39.990625],[69.46875,40.020752],[69.493652,40.060352],[69.530273,40.097314],[69.765234,40.158008],[69.966797,40.202246],[70.071484,40.172754],[70.274414,40.104834],[70.378906,40.069873],[70.451367,40.049219],[70.515137,39.949902],[70.556836,39.954492],[70.599219,39.974512],[70.624121,39.998975],[70.644336,40.083447],[70.738574,40.131152],[70.946387,40.187598],[70.960938,40.220654],[70.958008,40.238867],[70.990625,40.254883]],[[71.215625,39.906787],[71.179297,39.979834],[71.228711,40.048145],[71.130273,40.059668],[71.080371,40.079883],[71.024121,40.14917],[71.005469,40.152295],[70.97627,40.133252],[70.960645,40.087988],[70.974414,40.038867],[71.014453,40.005762],[71.041016,39.994922],[71.044824,39.992529],[71.043652,39.976318],[71.011719,39.895117],[71.064258,39.884912],[71.15625,39.883447],[71.206152,39.892578],[71.215625,39.906787]],[[71.789941,39.995312],[71.765332,39.993262],[71.736523,39.980957],[71.68125,39.968652],[71.668945,39.946094],[71.705859,39.917432],[71.75293,39.907129],[71.779688,39.950244],[71.789941,39.995312]],[[70.698242,39.84585],[70.66416,39.855469],[70.56709,39.866602],[70.497754,39.882422],[70.482813,39.882715],[70.489258,39.863037],[70.518652,39.828174],[70.55957,39.790918],[70.612109,39.786768],[70.70166,39.825293],[70.698242,39.84585]]]}},{"type":"Feature","properties":{"code":"KWT","name_en":"Kuwait","name_fa":"کویت"},"geometry":{"type":"MultiPolygon","coordinates":[[[[48.218262,29.601953],[48.179688,29.611426],[48.142578,29.665283],[48.081445,29.798926],[48.114746,29.848779],[48.113477,29.870215],[48.120117,29.886328],[48.138867,29.896582],[48.158594,29.95957],[48.184766,29.978857],[48.227734,29.936328],[48.348242,29.782666],[48.347363,29.719971],[48.340234,29.694727],[48.275391,29.624316],[48.218262,29.601953]]],[[[48.26875,28.540527],[48.049609,28.5375],[47.871973,28.535449],[47.671289,28.533154],[47.583105,28.627979],[47.553223,28.731543],[47.521289,28.837842],[47.433203,28.989551],[47.13877,29.026172],[46.982227,29.045654],[46.724805,29.074609],[46.531445,29.09624],[46.69375,29.259668],[46.769336,29.347461],[46.905859,29.5375],[46.975977,29.672852],[47.043652,29.822998],[47.102051,29.93999],[47.114355,29.961328],[47.148242,30.000977],[47.223242,30.041504],[47.331348,30.079687],[47.514844,30.096484],[47.64375,30.097314],[47.672754,30.095605],[47.753906,30.076611],[47.978711,29.982812],[47.973633,29.945898],[48.005664,29.835791],[48.077344,29.715576],[48.136133,29.618115],[48.143457,29.572461],[48.089453,29.579102],[48.04834,29.59751],[47.969629,29.616699],[47.81748,29.487402],[47.725293,29.416943],[47.722656,29.393018],[47.845313,29.365723],[47.935352,29.366602],[47.998145,29.385547],[48.051465,29.355371],[48.086328,29.275488],[48.100391,29.210742],[48.183789,28.979395],[48.25293,28.90127],[48.339258,28.763281],[48.371289,28.691846],[48.389648,28.631592],[48.44248,28.54292],[48.26875,28.540527]]]]}},{"type":"Feature","properties":{"code":"KAZ","name_en":"Kazakhstan","name_fa":"قزاقستان"},"geometry":{"type":"MultiPolygon","coordinates":[[[[50.14873,44.826465],[50.095313,44.830615],[49.995117,44.936963],[50.023047,45.044727],[50.059375,45.066797],[50.109863,45.081934],[50.116602,45.058252],[50.045313,45.01001],[50.038867,44.949121],[50.098145,44.881543],[50.184473,44.854639],[50.14873,44.826465]]],[[[50.277246,44.958594],[50.256152,45.022412],[50.294922,45.075928],[50.349707,45.083008],[50.330859,44.998437],[50.311719,44.97207],[50.277246,44.958594]]],[[[52.664844,45.401318],[52.59834,45.428174],[52.554297,45.473975],[52.608887,45.528027],[52.65957,45.518066],[52.692969,45.460742],[52.682422,45.411816],[52.664844,45.401318]]],[[[70.860352,42.207227],[70.764551,42.194189],[70.715234,42.168652],[70.6625,42.107471],[70.613281,42.054736],[70.584277,42.036035],[70.540137,42.039453],[70.489063,42.080273],[70.416016,42.078564],[70.328906,42.027979],[70.225879,41.945996],[70.095605,41.820508],[69.959961,41.754053],[69.788086,41.697314],[69.663867,41.672119],[69.565137,41.629053],[69.400977,41.541895],[69.368359,41.490576],[69.249316,41.460254],[69.153613,41.425244],[69.064941,41.366943],[69.043457,41.264111],[68.986914,41.205029],[68.851172,41.123828],[68.737109,41.041895],[68.662793,40.961523],[68.584082,40.87627],[68.559277,40.829297],[68.556543,40.765137],[68.593652,40.711279],[68.600684,40.659961],[68.572656,40.622656],[68.495703,40.608643],[68.415039,40.619434],[68.291895,40.656104],[68.160254,40.721777],[68.112305,40.754053],[68.047656,40.809277],[68.057031,40.860596],[68.090332,40.960254],[68.113086,41.028613],[68.059375,41.061279],[68.019727,41.09624],[67.991406,41.130029],[67.935742,41.196582],[67.865723,41.180273],[67.805078,41.163916],[67.735059,41.187256],[67.528027,41.177148],[67.371582,41.169531],[67.225,41.162354],[67.038672,41.15332],[66.814258,41.142383],[66.749805,41.15708],[66.709668,41.17915],[66.668652,41.270752],[66.645313,41.348633],[66.60166,41.494336],[66.572559,41.606982],[66.537891,41.74126],[66.515039,41.889404],[66.498633,41.994873],[66.328809,41.99834],[66.193164,42.001123],[66.00957,42.004883],[66.01123,42.08877],[66.013184,42.194482],[66.015527,42.314795],[66.049805,42.472754],[66.062695,42.605176],[66.078516,42.76665],[66.088867,42.873389],[66.100293,42.99082],[66.005664,42.95459],[65.901074,42.914502],[65.803027,42.876953],[65.735645,42.972119],[65.670215,43.0646],[65.570703,43.205176],[65.496191,43.310547],[65.366504,43.372021],[65.270508,43.417529],[65.170898,43.494189],[65.084863,43.573682],[65.003125,43.649072],[64.905469,43.714697],[64.811816,43.693945],[64.706055,43.652979],[64.604102,43.613477],[64.496094,43.571631],[64.443164,43.551172],[64.318164,43.558936],[64.208789,43.565723],[64.013281,43.577832],[63.848145,43.588135],[63.679688,43.598633],[63.444824,43.613232],[63.207031,43.627979],[63.047656,43.608496],[62.846191,43.583887],[62.634473,43.558008],[62.459375,43.536621],[62.237891,43.50957],[62.071973,43.489355],[61.990234,43.492139],[61.887598,43.577246],[61.723242,43.713574],[61.623633,43.796191],[61.525879,43.877197],[61.385059,43.993945],[61.271484,44.082275],[61.160742,44.168604],[61.09707,44.248242],[61.065332,44.348389],[61.00791,44.393799],[60.879199,44.455078],[60.741113,44.52085],[60.60293,44.586621],[60.464746,44.652441],[60.32666,44.718213],[60.188477,44.783984],[60.050293,44.849756],[59.912207,44.915576],[59.774023,44.981299],[59.635938,45.04707],[59.497852,45.112842],[59.35957,45.178613],[59.221484,45.244434],[59.083398,45.310205],[58.945117,45.375977],[58.807031,45.441797],[58.668945,45.507568],[58.555273,45.555371],[58.449414,45.54292],[58.291113,45.509424],[58.125195,45.474365],[57.961035,45.439697],[57.666699,45.377441],[57.477344,45.337451],[57.329297,45.303662],[57.17168,45.267725],[56.965039,45.220605],[56.791895,45.181055],[56.58877,45.134766],[56.40918,45.093799],[56.25791,45.059326],[56.100488,45.023389],[55.975684,44.994922],[55.975781,44.765381],[55.975977,44.53584],[55.976074,44.306299],[55.976172,44.076758],[55.97627,43.847217],[55.976367,43.617627],[55.976465,43.388086],[55.976562,43.158594],[55.97666,42.929053],[55.976758,42.699512],[55.976855,42.469971],[55.976953,42.24043],[55.977051,42.010889],[55.977148,41.781348],[55.977344,41.551758],[55.977441,41.322217],[55.934961,41.324121],[55.839063,41.310791],[55.678613,41.278809],[55.545215,41.262744],[55.487012,41.272266],[55.434375,41.296289],[55.388379,41.346924],[55.319727,41.408398],[55.249609,41.458105],[55.162305,41.560254],[55.101855,41.638721],[54.952344,41.81001],[54.931641,41.864014],[54.903711,41.919092],[54.853809,41.965186],[54.67793,42.078223],[54.472852,42.180176],[54.271875,42.27998],[54.214941,42.304199],[54.120996,42.335205],[54.005176,42.335889],[53.926367,42.329785],[53.685352,42.296875],[53.500781,42.258252],[53.250098,42.205859],[53.055859,42.147754],[53.0125,42.130713],[52.870508,42.060596],[52.696875,41.944385],[52.493848,41.780371],[52.467578,41.885889],[52.458594,42.04834],[52.462109,42.100635],[52.517188,42.237158],[52.573242,42.330859],[52.618359,42.428223],[52.638477,42.555664],[52.596582,42.760156],[52.55,42.805469],[52.493945,42.820264],[52.434277,42.824463],[52.324414,42.816162],[52.273047,42.799805],[52.183691,42.86875],[52.075586,42.879785],[52.018555,42.860547],[51.960742,42.850586],[51.898242,42.869629],[51.844141,42.910449],[51.811035,42.954443],[51.785156,43.004346],[51.700391,43.104053],[51.616016,43.158447],[51.514063,43.170508],[51.347852,43.167383],[51.29541,43.174121],[51.292383,43.230713],[51.313379,43.355664],[51.313867,43.42085],[51.301758,43.482373],[51.274121,43.53291],[51.238965,43.576709],[51.139648,43.648779],[51.064844,43.750146],[50.939844,43.958545],[50.830762,44.192773],[50.782617,44.228027],[50.684961,44.265088],[50.471777,44.294775],[50.331152,44.325488],[50.275586,44.355127],[50.252539,44.406494],[50.25293,44.461523],[50.264551,44.526562],[50.297461,44.581543],[50.409473,44.624023],[50.652441,44.63335],[50.860352,44.62876],[51.048828,44.530469],[51.110742,44.507812],[51.177148,44.501367],[51.310742,44.532422],[51.37666,44.541211],[51.543555,44.531006],[51.49375,44.577539],[51.431055,44.601953],[51.366309,44.599854],[51.310254,44.61875],[51.218164,44.708984],[51.05791,44.811572],[51.020703,44.854004],[51.009375,44.921826],[51.040332,44.980322],[51.153711,45.040234],[51.249902,45.12168],[51.294043,45.229785],[51.333398,45.27959],[51.415723,45.357861],[51.539648,45.342871],[51.732617,45.399463],[52.04873,45.388379],[52.426758,45.404639],[52.531055,45.398633],[52.771973,45.343506],[52.910742,45.319727],[53.078906,45.30752],[53.200391,45.331982],[53.085742,45.407373],[52.8375,45.496729],[52.773828,45.572754],[52.8875,45.779541],[53.041602,45.967871],[53.135254,46.19165],[53.108984,46.414062],[53.063965,46.475293],[53.078516,46.547461],[53.132422,46.60835],[53.170215,46.669043],[53.1375,46.742041],[53.069434,46.856055],[53.03457,46.89292],[52.916016,46.954395],[52.677637,46.957129],[52.483203,46.990674],[52.420313,46.963672],[52.384863,46.922119],[52.340332,46.894775],[52.18877,46.839502],[52.138281,46.828613],[52.085547,46.8396],[52.011133,46.901904],[51.945117,46.894873],[51.744531,46.93374],[51.650098,47.018066],[51.615234,47.029932],[51.29082,47.097314],[51.178027,47.110156],[50.92002,47.040674],[50.732715,46.95166],[50.679883,46.938721],[50.58291,46.882275],[50.528418,46.873291],[50.472266,46.88291],[50.419336,46.879492],[50.30625,46.794922],[50.101562,46.696436],[49.999805,46.634277],[49.886328,46.595654],[49.760547,46.571484],[49.631543,46.567578],[49.584375,46.545215],[49.437207,46.537256],[49.347461,46.519141],[49.344238,46.485547],[49.362109,46.410205],[49.28584,46.436816],[49.205664,46.385693],[49.232227,46.337158],[49.184277,46.348828],[48.958984,46.442139],[48.774316,46.507959],[48.610156,46.566455],[48.586035,46.5771],[48.541211,46.605615],[48.50918,46.649951],[48.502344,46.698633],[48.518555,46.734326],[48.558398,46.757129],[48.605273,46.765918],[48.64707,46.758691],[48.693555,46.736816],[48.776367,46.710352],[48.883594,46.70542],[48.950293,46.725781],[48.959375,46.774609],[48.831836,46.954932],[48.714355,47.100488],[48.600684,47.262305],[48.552539,47.320996],[48.413086,47.456494],[48.275684,47.589941],[48.166992,47.708789],[48.109961,47.74541],[47.934668,47.760693],[47.600195,47.78999],[47.481934,47.803906],[47.387305,47.768652],[47.292383,47.740918],[47.202051,47.79248],[47.130762,47.876758],[47.093262,47.947705],[47.111523,48.020117],[47.119043,48.127002],[47.064648,48.232471],[47.004297,48.284473],[46.853125,48.323584],[46.660938,48.412256],[46.60918,48.573877],[46.702637,48.805566],[46.85293,48.969629],[46.962207,49.03833],[47.014258,49.09834],[47.031348,49.150293],[47.018164,49.199902],[46.953418,49.252588],[46.85293,49.303857],[46.802051,49.36709],[46.823145,49.502246],[46.889551,49.696973],[46.991992,49.852734],[47.12959,49.939062],[47.24834,50.000879],[47.295215,50.058496],[47.297656,50.140234],[47.294727,50.21748],[47.326465,50.273535],[47.376367,50.318115],[47.429199,50.357959],[47.503613,50.402734],[47.599609,50.413574],[47.705762,50.377979],[47.849609,50.282324],[48.060742,50.093604],[48.181348,49.97002],[48.224805,49.931934],[48.334961,49.858252],[48.434277,49.828516],[48.6,49.874707],[48.758984,49.92832],[48.810254,49.962402],[48.843262,50.013135],[48.817969,50.099854],[48.784766,50.156445],[48.749414,50.228467],[48.700488,50.35376],[48.666016,50.550342],[48.625098,50.612695],[48.655176,50.619873],[48.734766,50.606885],[48.808398,50.601318],[48.91377,50.64458],[49.058691,50.726074],[49.323438,50.851709],[49.379492,50.934668],[49.424609,51.027002],[49.498047,51.083594],[49.666309,51.102295],[49.822266,51.131885],[49.932324,51.197168],[50.104883,51.25459],[50.246875,51.289502],[50.309277,51.321582],[50.353711,51.369727],[50.516309,51.505615],[50.643945,51.58916],[50.756152,51.675146],[50.793945,51.729199],[50.882422,51.719189],[51.017871,51.681641],[51.163477,51.647461],[51.269922,51.594482],[51.290723,51.540186],[51.301074,51.497412],[51.344531,51.475342],[51.395996,51.471289],[51.473438,51.482031],[51.609082,51.483984],[51.775391,51.554248],[52.007129,51.672705],[52.219141,51.709375],[52.331055,51.681299],[52.423047,51.594238],[52.496191,51.512158],[52.571191,51.481641],[52.617773,51.480762],[52.635156,51.479541],[52.728125,51.498145],[52.735059,51.4979],[52.820508,51.49458],[52.902637,51.466943],[53.038379,51.463721],[53.227344,51.484961],[53.247266,51.493604],[53.338086,51.482373],[53.448633,51.444531],[53.534668,51.399561],[53.688086,51.251807],[53.776465,51.213721],[53.956836,51.161182],[54.041504,51.115186],[54.139746,51.040771],[54.191113,50.995703],[54.297852,50.914062],[54.421484,50.780322],[54.443359,50.673926],[54.471484,50.583789],[54.517383,50.541162],[54.555273,50.535791],[54.596191,50.550684],[54.636133,50.591602],[54.65,50.660156],[54.637891,50.781055],[54.60625,50.879883],[54.565625,50.911279],[54.546094,50.946045],[54.572949,50.990234],[54.641602,51.011572],[54.727148,50.998096],[54.867969,50.941357],[55.014844,50.869775],[55.195215,50.744727],[55.361133,50.665283],[55.542285,50.601807],[55.68623,50.582861],[55.797656,50.602051],[55.929199,50.65376],[56.049707,50.713525],[56.104492,50.77627],[56.143945,50.844629],[56.325586,50.936084],[56.491406,51.019531],[56.566895,51.004492],[56.620215,50.980859],[56.790332,51.031592],[56.849609,51.045557],[57.011719,51.065186],[57.179004,51.036035],[57.3125,50.946533],[57.442188,50.888867],[57.557813,50.895557],[57.653809,50.925146],[57.716992,50.980957],[57.764844,51.046875],[57.828906,51.089014],[57.838867,51.09165],[58.045117,51.068848],[58.174707,51.072266],[58.188477,51.081738],[58.35918,51.063818],[58.547461,50.971045],[58.664551,50.868311],[58.814063,50.737207],[58.883691,50.694434],[58.984863,50.676123],[59.064355,50.668213],[59.170898,50.6479],[59.452344,50.62041],[59.495117,50.604297],[59.523926,50.582812],[59.497852,50.511084],[59.523047,50.492871],[59.751172,50.543945],[59.812402,50.582031],[59.887793,50.690186],[59.955176,50.799268],[60.005273,50.839697],[60.058594,50.850293],[60.112109,50.83418],[60.186719,50.769775],[60.288086,50.70415],[60.424805,50.67915],[60.508496,50.669189],[60.637988,50.663721],[60.942285,50.695508],[61.226855,50.774805],[61.389453,50.861035],[61.465039,50.990234],[61.512207,51.137012],[61.585059,51.229687],[61.554688,51.324609],[61.411328,51.414746],[61.363086,51.441895],[61.014844,51.492383],[60.993359,51.528711],[60.973535,51.537061],[60.630371,51.616943],[60.464746,51.651172],[60.418359,51.703906],[60.3875,51.772998],[60.280371,51.834619],[60.06748,51.890625],[60.030273,51.933252],[60.065527,51.976465],[60.233691,52.024512],[60.425488,52.125586],[60.499316,52.146338],[60.670313,52.15083],[60.828418,52.233398],[60.937598,52.280566],[60.994531,52.336865],[60.979492,52.394775],[60.821289,52.569824],[60.774414,52.675781],[60.802344,52.744727],[60.893262,52.819434],[60.944727,52.860156],[61.006543,52.93335],[61.047461,52.972461],[61.206934,52.989062],[61.400781,52.995996],[61.533594,52.978516],[61.719336,52.969385],[61.888574,52.955908],[61.974219,52.94375],[62.037109,52.966113],[62.082715,53.00542],[62.081055,53.057422],[62.014648,53.107861],[61.766211,53.173926],[61.659863,53.228467],[61.576172,53.222461],[61.436816,53.239404],[61.310938,53.275195],[61.199219,53.287158],[61.162793,53.336768],[61.185938,53.406201],[61.228906,53.445898],[61.311621,53.465723],[61.400977,53.455811],[61.498535,53.484668],[61.526563,53.501562],[61.534961,53.523291],[61.519141,53.554492],[61.474121,53.580273],[61.409961,53.587061],[61.336133,53.565186],[61.247949,53.550977],[61.098535,53.583105],[60.979492,53.621729],[60.985547,53.657422],[61.073535,53.710449],[61.113184,53.753467],[61.113184,53.812988],[61.113184,53.882471],[61.14375,53.963818],[61.231055,54.019482],[61.333691,54.049268],[61.598145,53.994922],[61.928711,53.946484],[61.985645,53.954395],[62.002344,53.979932],[62.040234,54.002637],[62.499023,54.013184],[62.588281,54.044434],[62.632715,54.069287],[63.073926,54.105225],[63.126563,54.139258],[63.191309,54.171045],[63.292676,54.170459],[63.413672,54.183203],[63.582031,54.221924],[63.701367,54.243213],[63.721191,54.24502],[63.84707,54.236475],[64.003906,54.26709],[64.037402,54.279736],[64.062891,54.30293],[64.199414,54.347412],[64.46123,54.38418],[64.525098,54.362158],[64.649902,54.352246],[64.809277,54.368555],[64.926758,54.396631],[64.99541,54.36875],[65.088379,54.340186],[65.157813,54.364404],[65.192188,54.441113],[65.237402,54.516064],[65.315918,54.551562],[65.378125,54.564453],[65.434375,54.593311],[65.476953,54.623291],[65.707813,54.618701],[65.914258,54.693311],[65.954688,54.659521],[66.222656,54.667383],[66.555371,54.71543],[66.754492,54.737891],[67.09834,54.788184],[67.257324,54.828809],[67.484668,54.854492],[67.693359,54.872412],[67.829883,54.943555],[67.939941,54.953711],[68.073828,54.95957],[68.155859,54.976709],[68.209375,55.003027],[68.244043,55.052441],[68.225293,55.115234],[68.20625,55.160937],[68.301953,55.186523],[68.438477,55.194434],[68.524805,55.204834],[68.712891,55.308496],[68.842969,55.35835],[68.977246,55.3896],[69.246973,55.37251],[69.493262,55.356885],[69.740234,55.307373],[69.870215,55.245654],[69.981738,55.199072],[70.087402,55.176758],[70.182422,55.162451],[70.293359,55.183594],[70.371484,55.212256],[70.417188,55.253174],[70.486328,55.282373],[70.738086,55.305176],[70.790332,55.261133],[70.910156,55.127979],[70.991797,54.950488],[71.12627,54.715039],[71.185547,54.599316],[71.15918,54.538623],[71.159766,54.45542],[71.152148,54.364062],[71.052734,54.260498],[71.093164,54.212207],[71.336426,54.15835],[71.677148,54.178027],[71.887402,54.221484],[72.004492,54.205664],[72.065625,54.231641],[72.105371,54.308447],[72.186035,54.325635],[72.269141,54.272119],[72.329492,54.181445],[72.387305,54.123047],[72.383008,54.053662],[72.404297,53.964453],[72.446777,53.941846],[72.530273,53.975781],[72.585938,53.995947],[72.599219,54.023047],[72.575586,54.056494],[72.564258,54.09043],[72.582715,54.121582],[72.622266,54.134326],[72.741016,54.124512],[72.914062,54.107324],[73.119336,53.980762],[73.229883,53.957812],[73.276563,53.955615],[73.380664,53.962842],[73.505664,53.999316],[73.589941,54.044971],[73.617969,54.067383],[73.666406,54.063477],[73.712402,54.042383],[73.715527,53.996191],[73.678906,53.929443],[73.554199,53.868311],[73.399414,53.811475],[73.305664,53.707227],[73.285742,53.598389],[73.326855,53.543164],[73.361914,53.506201],[73.371875,53.454395],[73.406934,53.447559],[73.469922,53.468896],[73.642969,53.57627],[73.731152,53.602783],[73.858984,53.619727],[74.068652,53.611426],[74.209961,53.576465],[74.277344,53.527734],[74.351562,53.487646],[74.402734,53.504443],[74.429297,53.550732],[74.430469,53.603711],[74.451953,53.647266],[74.681445,53.754395],[74.83418,53.825684],[74.886816,53.834033],[74.988965,53.819238],[75.052148,53.826709],[75.220215,53.893799],[75.377051,53.970117],[75.392383,54.021729],[75.398145,54.068506],[75.437207,54.089648],[75.656836,54.106006],[75.692871,54.114795],[75.880664,54.167969],[76.140527,54.258545],[76.266602,54.311963],[76.496484,54.335693],[76.53916,54.351074],[76.615527,54.387109],[76.759375,54.436865],[76.837305,54.442383],[76.788965,54.321875],[76.703027,54.182471],[76.65459,54.145264],[76.42168,54.151514],[76.42207,54.113525],[76.458594,54.055273],[76.484766,54.022559],[76.513086,53.993213],[76.575684,53.942529],[76.820703,53.822656],[77.132422,53.670117],[77.469238,53.498779],[77.704395,53.37915],[77.799414,53.317432],[77.859961,53.269189],[78.033496,53.094971],[78.198047,52.929688],[78.475488,52.638428],[78.721484,52.357031],[78.99209,52.047412],[79.14873,51.868115],[79.468848,51.493115],[79.554297,51.377979],[79.716406,51.16001],[79.859668,50.955469],[79.98623,50.774561],[80.065918,50.758203],[80.07207,50.807275],[80.086328,50.83999],[80.127246,50.85835],[80.220215,50.911768],[80.27041,50.924609],[80.345215,50.919092],[80.423633,50.946289],[80.452246,50.997607],[80.433594,51.092627],[80.421484,51.136377],[80.448047,51.18335],[80.491016,51.201758],[80.550684,51.216602],[80.605469,51.224219],[80.650488,51.277344],[80.735254,51.293408],[80.813086,51.283496],[80.877344,51.281445],[80.934082,51.242773],[80.965625,51.189795],[81.026758,51.185693],[81.127246,51.191064],[81.141016,51.146582],[81.112402,51.072363],[81.077539,51.014941],[81.071484,50.96875],[81.124609,50.946289],[81.319141,50.966406],[81.388281,50.956494],[81.410156,50.909766],[81.437695,50.871045],[81.451563,50.823682],[81.431445,50.771143],[81.465918,50.739844],[81.633887,50.739111],[81.752051,50.764404],[81.933691,50.766357],[82.098047,50.71084],[82.211914,50.719434],[82.326367,50.741895],[82.493945,50.727588],[82.611719,50.771484],[82.692969,50.826318],[82.718555,50.869482],[82.76084,50.893359],[82.919043,50.893115],[83.019238,50.897266],[83.092773,50.960596],[83.160254,50.989209],[83.27373,50.99458],[83.357324,50.99458],[83.581445,50.935742],[83.717773,50.887158],[83.859766,50.818018],[83.945117,50.774658],[84.002344,50.676855],[84.099316,50.604736],[84.175977,50.520557],[84.194531,50.437451],[84.257812,50.288232],[84.323242,50.23916],[84.400977,50.23916],[84.499023,50.21875],[84.607324,50.202393],[84.838965,50.091309],[84.924023,50.087988],[84.989453,50.061426],[84.999707,50.010303],[84.975195,49.951074],[85.0,49.895878851676706],[85.0,46.903992412281504],[84.858203,46.843164],[84.786133,46.830713],[84.745996,46.864355],[84.719531,46.939355],[84.666602,46.972363],[84.592285,46.974951],[84.532422,46.975781],[84.338867,46.996143],[84.215137,46.994727],[84.12207,46.978613],[84.016016,46.970508],[83.832617,46.997852],[83.713965,47.021045],[83.634082,47.043213],[83.443555,47.108643],[83.193066,47.186572],[83.090332,47.209375],[83.029492,47.185937],[83.020117,47.141455],[83.004102,47.033496],[82.974902,46.966016],[82.8,46.624463],[82.692187,46.38667],[82.555078,46.158691],[82.511719,46.005811],[82.429688,45.811914],[82.348145,45.671533],[82.315234,45.594922],[82.312207,45.563721],[82.32666,45.519922],[82.45166,45.471973],[82.58252,45.442578],[82.611621,45.424268],[82.625781,45.374414],[82.621094,45.293115],[82.596973,45.215967],[82.558984,45.15542],[82.521484,45.125488],[82.478711,45.123584],[82.39668,45.162451],[82.323438,45.205859],[82.266602,45.219092],[82.122754,45.194873],[81.989258,45.161865],[81.944922,45.16084],[81.86748,45.18208],[81.789648,45.226025],[81.758887,45.31084],[81.691992,45.349365],[81.602051,45.31084],[81.334766,45.246191],[81.040332,45.169141],[80.85332,45.129297],[80.780078,45.135547],[80.634766,45.126514],[80.50918,45.10498],[80.414941,45.075098],[80.228223,45.033984],[80.05918,45.006445],[79.950195,44.944092],[79.871875,44.883789],[79.875293,44.86084],[79.932129,44.825195],[79.997168,44.797217],[80.127832,44.80376],[80.255078,44.808105],[80.36084,44.770312],[80.455469,44.746094],[80.481543,44.714648],[80.455469,44.684082],[80.400586,44.676904],[80.381445,44.65542],[80.391016,44.626807],[80.355078,44.552002],[80.336328,44.438379],[80.354883,44.326514],[80.365332,44.223291],[80.358984,44.171289],[80.355273,44.097266],[80.395801,44.047168],[80.431543,43.951758],[80.495996,43.89209],[80.593457,43.685107],[80.650781,43.56416],[80.703809,43.427051],[80.66543,43.352979],[80.667773,43.310059],[80.729785,43.274268],[80.757031,43.204346],[80.785742,43.161572],[80.777734,43.118945],[80.751172,43.10249],[80.616992,43.128271],[80.507031,43.085791],[80.390234,43.043115],[80.374512,43.02041],[80.371289,42.995605],[80.383398,42.973779],[80.450684,42.935547],[80.54375,42.911719],[80.538965,42.873486],[80.424023,42.855762],[80.250293,42.797266],[80.202246,42.734473],[80.165039,42.665527],[80.161914,42.625537],[80.179297,42.518359],[80.205762,42.399414],[80.255078,42.27417],[80.259082,42.2354],[80.233008,42.207812],[80.209375,42.190039],[80.071289,42.302979],[79.921094,42.413135],[79.803418,42.438477],[79.598437,42.456641],[79.490137,42.457568],[79.428223,42.483496],[79.367773,42.547217],[79.295508,42.604834],[79.203027,42.666016],[79.164844,42.759033],[79.12666,42.775732],[79.059863,42.763818],[78.947949,42.766699],[78.885156,42.774902],[78.791504,42.79082],[78.642285,42.828711],[78.524219,42.864648],[78.375977,42.871484],[78.290039,42.864355],[78.023145,42.85752],[77.80166,42.895215],[77.622461,42.902246],[77.512207,42.900049],[77.459277,42.904736],[77.368555,42.904443],[77.235547,42.912646],[77.057324,42.970654],[76.988086,42.973584],[76.944043,42.971484],[76.646484,42.928809],[76.50918,42.918896],[76.218164,42.92373],[75.932227,42.928516],[75.840332,42.9375],[75.789551,42.93291],[75.681738,42.830469],[75.635645,42.8146],[75.366211,42.836963],[75.047656,42.904395],[74.817578,42.978174],[74.622266,43.056201],[74.363867,43.179443],[74.209082,43.240381],[74.186816,43.205273],[74.145898,43.194092],[74.08623,43.188623],[73.949219,43.19502],[73.886035,43.132568],[73.718555,43.087891],[73.612012,43.0479],[73.55625,43.002783],[73.450195,42.703027],[73.421875,42.593506],[73.492969,42.409033],[73.411621,42.419775],[73.316016,42.466992],[73.28291,42.504102],[73.19082,42.526855],[72.855078,42.561133],[72.792383,42.603467],[72.75293,42.637891],[72.666113,42.6604],[72.543164,42.677734],[72.275781,42.757666],[72.161816,42.760693],[71.816797,42.822168],[71.760547,42.821484],[71.734766,42.818896],[71.600781,42.778662],[71.514258,42.766943],[71.42207,42.783154],[71.256641,42.733545],[71.167383,42.667432],[71.093555,42.586523],[71.022754,42.535449],[71.001953,42.459082],[70.952344,42.419385],[70.892871,42.33999],[70.892871,42.293701],[70.946777,42.248682],[70.860352,42.207227]]]]}},{"type":"Feature","properties":{"code":"JOR","name_en":"Jordan","name_fa":"اردن"},"geometry":{"type":"Polygon","coordinates":[[[35.894727,32.71377],[35.956445,32.666699],[36.059473,32.533789],[36.219727,32.495117],[36.284277,32.457471],[36.37207,32.386914],[36.479199,32.361328],[36.818359,32.317285],[37.088965,32.465527],[37.317578,32.590771],[37.577441,32.733057],[37.754102,32.829834],[38.055762,32.994873],[38.254297,33.099219],[38.515625,33.236621],[38.773535,33.372217],[38.84502,33.150879],[38.914844,32.934668],[38.987402,32.710693],[39.057813,32.493164],[38.981641,32.472559],[39.041406,32.305664],[39.140039,32.331201],[39.247461,32.350977],[39.292773,32.243848],[39.14541,32.124512],[38.99707,32.007471],[38.962305,31.994922],[38.769629,31.946484],[38.375488,31.847461],[38.111426,31.781152],[37.773828,31.696338],[37.493359,31.625879],[37.215625,31.556104],[36.958594,31.491504],[37.105273,31.355176],[37.329492,31.146826],[37.479004,31.007764],[37.655469,30.828955],[37.812988,30.669287],[37.980078,30.5],[37.862891,30.442627],[37.669727,30.348145],[37.649902,30.330957],[37.633594,30.313281],[37.553613,30.14458],[37.490723,30.011719],[37.469238,29.995068],[37.199414,29.946289],[36.927051,29.89707],[36.755273,29.866016],[36.703906,29.831641],[36.591797,29.666113],[36.476074,29.495117],[36.282813,29.355371],[36.068457,29.200537],[36.01543,29.190479],[35.860352,29.214258],[35.595313,29.254883],[35.33916,29.294092],[35.16377,29.320947],[34.950781,29.353516],[34.982227,29.484473],[34.973438,29.555029],[35.023926,29.787061],[35.053418,29.896924],[35.068164,29.977881],[35.141602,30.141699],[35.132617,30.195312],[35.148145,30.384326],[35.140625,30.420898],[35.174023,30.523926],[35.236621,30.673486],[35.297852,30.802246],[35.320117,30.860205],[35.383008,30.982275],[35.439258,31.132422],[35.409668,31.214453],[35.400684,31.230518],[35.423535,31.324854],[35.422852,31.325391],[35.450586,31.479297],[35.46543,31.562354],[35.499414,31.672363],[35.558984,31.765527],[35.531445,31.984912],[35.534766,32.103027],[35.57207,32.237891],[35.551465,32.395508],[35.569043,32.619873],[35.572852,32.640869],[35.594531,32.668018],[35.61123,32.68208],[35.734473,32.728906],[35.787305,32.734912],[35.894727,32.71377]]]}},{"type":"Feature","properties":{"code":"ISR","name_en":"Israel","name_fa":"اسرائیل"},"geometry":{"type":"Polygon","coordinates":[[[35.816125,33.361879],[35.792531,33.334107],[35.785024,33.291089],[35.800038,33.256121],[35.808618,33.208577],[35.826849,33.195117],[35.833283,33.163702],[35.817197,33.133173],[35.824704,33.108024],[35.84508,33.084665],[35.859022,32.989367],[35.887977,32.944379],[35.841863,32.875954],[35.833283,32.820094],[35.787305,32.734912],[35.734473,32.728906],[35.61123,32.68208],[35.594531,32.668018],[35.572852,32.640869],[35.569043,32.619873],[35.551465,32.395508],[35.484375,32.40166],[35.402637,32.450635],[35.386719,32.493018],[35.362109,32.507471],[35.303809,32.512939],[35.193262,32.534424],[35.065039,32.460449],[35.010547,32.338184],[34.999512,32.281055],[34.955957,32.160937],[34.971387,32.087109],[34.978809,31.991602],[34.989746,31.913281],[34.97832,31.866406],[34.953809,31.84126],[34.961133,31.82334],[34.983008,31.816797],[35.053223,31.837939],[35.127148,31.816748],[35.198047,31.776318],[35.203711,31.75],[35.153418,31.734473],[35.034668,31.673242],[34.950977,31.602295],[34.929199,31.536572],[34.872754,31.396875],[34.880469,31.368164],[34.907813,31.351318],[35.101172,31.366211],[35.27666,31.422803],[35.408691,31.48291],[35.450586,31.479297],[35.422852,31.325391],[35.423535,31.324854],[35.400684,31.230518],[35.409668,31.214453],[35.439258,31.132422],[35.383008,30.982275],[35.320117,30.860205],[35.297852,30.802246],[35.236621,30.673486],[35.174023,30.523926],[35.140625,30.420898],[35.148145,30.384326],[35.132617,30.195312],[35.141602,30.141699],[35.068164,29.977881],[35.053418,29.896924],[35.023926,29.787061],[34.973438,29.555029],[34.904297,29.477344],[34.869824,29.563916],[34.791113,29.812109],[34.735059,29.982031],[34.658594,30.191455],[34.529688,30.446045],[34.517773,30.507373],[34.489941,30.596289],[34.400977,30.827832],[34.328516,30.99502],[34.245313,31.208301],[34.34834,31.29292],[34.350195,31.362744],[34.525586,31.525635],[34.524121,31.54165],[34.477344,31.584863],[34.483984,31.592285],[34.678418,31.895703],[34.803809,32.196338],[34.921875,32.614062],[35.005859,32.826611],[35.077051,32.967187],[35.108594,33.083691],[35.22334,33.091992],[35.308887,33.079541],[35.41123,33.075684],[35.493164,33.119482],[35.53252,33.250488],[35.579297,33.271484],[35.60293,33.240625],[35.627246,33.275049],[35.734473,33.332617],[35.7875,33.369775],[35.840723,33.415674],[35.816125,33.361879]]]}},{"type":"Feature","properties":{"code":"PSX","name_en":"Palestine","name_fa":"فلسطین"},"geometry":{"type":"MultiPolygon","coordinates":[[[[34.524121,31.54165],[34.525586,31.525635],[34.350195,31.362744],[34.34834,31.29292],[34.245313,31.208301],[34.2125,31.292285],[34.198145,31.322607],[34.387305,31.483789],[34.477344,31.584863],[34.524121,31.54165]]],[[[35.57207,32.237891],[35.534766,32.103027],[35.531445,31.984912],[35.558984,31.765527],[35.499414,31.672363],[35.46543,31.562354],[35.450586,31.479297],[35.408691,31.48291],[35.27666,31.422803],[35.101172,31.366211],[34.907813,31.351318],[34.880469,31.368164],[34.872754,31.396875],[34.929199,31.536572],[34.950977,31.602295],[35.034668,31.673242],[35.153418,31.734473],[35.203711,31.75],[35.198047,31.776318],[35.127148,31.816748],[35.053223,31.837939],[34.983008,31.816797],[34.961133,31.82334],[34.953809,31.84126],[34.97832,31.866406],[34.989746,31.913281],[34.978809,31.991602],[34.971387,32.087109],[34.955957,32.160937],[34.999512,32.281055],[35.010547,32.338184],[35.065039,32.460449],[35.193262,32.534424],[35.303809,32.512939],[35.362109,32.507471],[35.386719,32.493018],[35.402637,32.450635],[35.484375,32.40166],[35.551465,32.395508],[35.57207,32.237891]]]]}},{"type":"Feature","properties":{"code":"IRQ","name_en":"Iraq","name_fa":"عراق"},"geometry":{"type":"Polygon","coordinates":[[[42.455859,37.128711],[42.635449,37.249268],[42.741113,37.361914],[42.774609,37.371875],[42.869141,37.334912],[42.936621,37.324756],[43.09248,37.367383],[43.185156,37.344873],[43.263086,37.316504],[43.306738,37.314648],[43.51582,37.244531],[43.567969,37.23584],[43.675781,37.227246],[43.836426,37.223535],[43.940039,37.269287],[44.013184,37.313525],[44.064648,37.312451],[44.114453,37.301855],[44.15625,37.282959],[44.191797,37.249854],[44.208398,37.202637],[44.20166,37.051807],[44.21748,37.011865],[44.245703,36.983301],[44.281836,36.978027],[44.325586,37.010742],[44.401953,37.058496],[44.495996,37.110547],[44.566016,37.158252],[44.605957,37.176025],[44.669336,37.173584],[44.730957,37.165283],[44.765137,37.142432],[44.76543,37.13501],[44.798438,37.063867],[44.880859,36.799316],[44.927832,36.765918],[44.981445,36.737695],[45.019238,36.698389],[45.033984,36.658887],[45.029395,36.597559],[45.031055,36.526074],[45.053125,36.471631],[45.083789,36.430029],[45.112402,36.409277],[45.155273,36.407373],[45.206543,36.397168],[45.241113,36.355957],[45.350879,36.054639],[45.361621,36.015332],[45.407715,36.002783],[45.483789,36.008545],[45.561621,35.977197],[45.64502,35.928369],[45.723438,35.83667],[45.776367,35.821826],[45.941406,35.8354],[46.16748,35.820557],[46.273438,35.773242],[46.2625,35.744141],[46.180957,35.711377],[46.037402,35.673145],[45.99502,35.608105],[45.971094,35.52417],[45.975391,35.476807],[46.010645,35.424805],[46.112109,35.32168],[46.117773,35.284277],[46.135742,35.232275],[46.154688,35.196729],[46.133789,35.127637],[46.041797,35.080176],[45.920898,35.028516],[45.678125,34.798437],[45.660059,34.748779],[45.661523,34.612695],[45.6375,34.573828],[45.56084,34.574512],[45.500781,34.581592],[45.497754,34.533887],[45.459375,34.470361],[45.437598,34.415137],[45.526855,34.284668],[45.542773,34.215527],[45.528613,34.152539],[45.446094,34.044043],[45.39707,33.97085],[45.408984,33.954492],[45.473242,33.925488],[45.67373,33.68667],[45.738281,33.602832],[45.822852,33.624805],[45.854492,33.62334],[45.879395,33.609766],[45.894727,33.581543],[45.894727,33.545654],[45.873242,33.491992],[45.981055,33.470117],[46.019922,33.415723],[46.145898,33.229639],[46.141113,33.174414],[46.080762,33.086523],[46.080469,33.028223],[46.093066,32.975879],[46.112793,32.957666],[46.298242,32.950244],[46.377051,32.929248],[46.569922,32.833936],[46.789062,32.687988],[46.968555,32.568408],[47.121387,32.466602],[47.285156,32.474023],[47.329785,32.455518],[47.371289,32.42373],[47.418164,32.340088],[47.511914,32.15083],[47.591504,32.087988],[47.714551,31.936426],[47.82998,31.794434],[47.753906,31.601367],[47.679492,31.400586],[47.679492,31.141504],[47.679492,31.002393],[47.836328,30.996436],[48.010645,30.989795],[48.012012,30.823633],[48.013477,30.656445],[48.014941,30.465625],[48.066113,30.457666],[48.147559,30.416846],[48.182422,30.355029],[48.226172,30.321338],[48.278906,30.31582],[48.331055,30.285449],[48.382617,30.230176],[48.401367,30.18833],[48.387598,30.159863],[48.398633,30.109619],[48.43457,30.037598],[48.478516,30.003809],[48.546484,29.962354],[48.454199,29.938477],[48.35459,29.956738],[48.141699,30.040918],[48.072754,30.043213],[47.98252,30.011328],[47.978711,29.982812],[47.753906,30.076611],[47.672754,30.095605],[47.64375,30.097314],[47.514844,30.096484],[47.331348,30.079687],[47.223242,30.041504],[47.148242,30.000977],[47.114355,29.961328],[47.102051,29.93999],[47.043652,29.822998],[46.975977,29.672852],[46.905859,29.5375],[46.769336,29.347461],[46.69375,29.259668],[46.531445,29.09624],[46.356445,29.063672],[45.949707,29.09585],[45.498926,29.131543],[45.050293,29.16709],[44.716504,29.193604],[44.69082,29.202344],[44.360742,29.435254],[44.099609,29.619336],[43.77373,29.849219],[43.44082,30.083984],[43.103125,30.322217],[42.857715,30.495215],[42.559766,30.717773],[42.288574,30.92041],[42.074414,31.080371],[41.799707,31.220361],[41.585059,31.329736],[41.272461,31.489014],[41.022461,31.616357],[40.808398,31.725439],[40.478906,31.893359],[40.369336,31.938965],[40.027832,31.99502],[39.704102,32.042529],[39.368652,32.091748],[39.14541,32.124512],[39.292773,32.243848],[39.247461,32.350977],[39.140039,32.331201],[39.041406,32.305664],[38.981641,32.472559],[39.057813,32.493164],[38.987402,32.710693],[38.914844,32.934668],[38.84502,33.150879],[38.773535,33.372217],[39.056738,33.514014],[39.268359,33.62002],[39.564453,33.768359],[39.85,33.911377],[40.121973,34.047656],[40.421484,34.197754],[40.689453,34.332031],[40.935059,34.386572],[40.987012,34.429053],[41.099023,34.612305],[41.194727,34.768994],[41.199219,34.805322],[41.199609,35.027393],[41.216406,35.288184],[41.24834,35.42749],[41.30332,35.550635],[41.354102,35.64043],[41.359375,35.724609],[41.352637,35.809961],[41.300195,35.938965],[41.245605,36.073389],[41.251758,36.203027],[41.261816,36.272461],[41.295996,36.38335],[41.354199,36.464404],[41.416797,36.514648],[41.650195,36.566406],[41.788574,36.597168],[41.974023,36.74082],[42.083984,36.826025],[42.237305,36.961133],[42.350098,37.060596],[42.359082,37.09502],[42.358984,37.108594],[42.455859,37.128711]]]}},{"type":"Feature","properties":{"code":"IRN","name_en":"Iran","name_fa":"ایران"},"geometry":{"type":"MultiPolygon","coordinates":[[[[56.094922,26.801172],[55.954297,26.701123],[55.894141,26.732275],[55.847656,26.730811],[55.747266,26.69248],[55.674609,26.68584],[55.543164,26.617529],[55.42373,26.583105],[55.34043,26.585742],[55.311523,26.592627],[55.29502,26.639209],[55.296484,26.657568],[55.346973,26.647949],[55.531738,26.71001],[55.762598,26.811963],[55.78457,26.857178],[55.747461,26.930957],[55.757617,26.947656],[55.907129,26.909814],[56.074121,26.98335],[56.213965,27.003271],[56.279395,26.9521],[56.187988,26.921143],[56.094922,26.801172]]],[[[54.191602,37.332471],[54.299805,37.353613],[54.458691,37.407568],[54.578906,37.440234],[54.639648,37.444727],[54.699414,37.470166],[54.745215,37.501904],[54.848633,37.722656],[54.900098,37.77793],[55.075586,37.90249],[55.224707,37.981348],[55.380859,38.051123],[55.578418,38.099756],[55.841309,38.094629],[56.050293,38.077539],[56.171191,38.078369],[56.228809,38.073389],[56.27207,38.08042],[56.296973,38.094824],[56.324121,38.191113],[56.366895,38.22251],[56.440625,38.249414],[56.544043,38.249609],[56.669922,38.256641],[56.774609,38.250049],[56.906641,38.213037],[57.079004,38.209961],[57.193555,38.216406],[57.260156,38.17959],[57.308105,38.130371],[57.331445,38.089307],[57.336719,38.03291],[57.335742,37.989941],[57.353711,37.97334],[57.423828,37.947705],[57.520996,37.928467],[57.710547,37.905273],[57.888184,37.86084],[57.980566,37.830469],[58.108789,37.783057],[58.261621,37.66582],[58.318164,37.647217],[58.386719,37.635352],[58.435742,37.638525],[58.550488,37.688184],[58.650195,37.651562],[58.700781,37.65625],[58.81543,37.683496],[58.937207,37.649658],[59.24082,37.520752],[59.274121,37.52373],[59.301758,37.510645],[59.326953,37.481152],[59.344727,37.444727],[59.367383,37.33374],[59.45498,37.252832],[59.562207,37.178906],[59.687207,37.138477],[59.948633,37.041602],[60.062793,36.962891],[60.17832,36.829443],[60.320703,36.653564],[60.341309,36.637646],[60.70791,36.642969],[61.119629,36.642578],[61.169922,36.572266],[61.160352,36.432715],[61.175098,36.289697],[61.212012,36.190527],[61.212402,36.099121],[61.182617,36.052832],[61.159473,35.999902],[61.15293,35.976758],[61.205859,35.943701],[61.252148,35.867627],[61.258691,35.761816],[61.235547,35.705566],[61.238867,35.659277],[61.262012,35.61958],[61.281836,35.553418],[61.278516,35.51377],[61.245508,35.474072],[61.225684,35.424463],[61.199219,35.361621],[61.189258,35.312012],[61.139648,35.288867],[61.1,35.272314],[61.106641,35.209473],[61.126465,35.156543],[61.149609,35.09375],[61.123145,35.050732],[61.106641,35.001123],[61.070215,34.921729],[61.080078,34.855615],[61.04043,34.799365],[60.99082,34.749756],[60.957813,34.710059],[60.951172,34.653857],[60.914746,34.633984],[60.845313,34.587695],[60.802344,34.554639],[60.739453,34.544727],[60.72627,34.518262],[60.736133,34.491797],[60.762598,34.475244],[60.803906,34.418018],[60.889453,34.319434],[60.642676,34.307178],[60.570215,34.219629],[60.485742,34.094775],[60.527051,33.841992],[60.485938,33.711914],[60.51084,33.638916],[60.573828,33.58833],[60.65459,33.5604],[60.806445,33.558691],[60.906934,33.538965],[60.916992,33.505225],[60.859277,33.45625],[60.766895,33.363818],[60.718066,33.323535],[60.560547,33.137842],[60.561914,33.058789],[60.576563,32.994873],[60.644531,32.794385],[60.710449,32.6],[60.829297,32.249414],[60.827246,32.167969],[60.789941,31.987109],[60.7875,31.877197],[60.804297,31.734473],[60.791602,31.660596],[60.820703,31.495166],[60.854102,31.483252],[61.110742,31.451123],[61.346484,31.421631],[61.660156,31.382422],[61.755078,31.285303],[61.814258,31.072559],[61.81084,30.913281],[61.78418,30.831934],[61.559473,30.599365],[61.331641,30.363721],[61.104102,30.128418],[60.843359,29.858691],[61.03418,29.663428],[61.152148,29.542725],[61.318359,29.372607],[61.339453,29.331787],[61.337891,29.26499],[61.508594,29.006055],[61.56875,28.870898],[61.623047,28.791602],[61.758008,28.667676],[61.889844,28.546533],[62.033008,28.491016],[62.130566,28.478809],[62.353027,28.414746],[62.433887,28.363867],[62.564551,28.235156],[62.717578,28.252783],[62.749414,28.252881],[62.758008,28.243555],[62.7625,28.202051],[62.739746,28.002051],[62.782324,27.800537],[62.812012,27.497021],[62.800879,27.444531],[62.764258,27.356738],[62.7625,27.300195],[62.752734,27.265625],[62.762988,27.250195],[62.811621,27.229443],[62.91543,27.218408],[63.166797,27.25249],[63.196094,27.243945],[63.25625,27.20791],[63.301563,27.151465],[63.305176,27.124561],[63.24209,27.077686],[63.231445,26.998145],[63.250391,26.879248],[63.241602,26.864746],[63.186133,26.837598],[63.168066,26.665576],[63.157813,26.649756],[63.092969,26.632324],[62.786621,26.643896],[62.751563,26.63916],[62.636426,26.593652],[62.439258,26.561035],[62.385059,26.542627],[62.312305,26.490869],[62.259668,26.42749],[62.249609,26.369238],[62.239355,26.357031],[62.125977,26.368994],[62.089063,26.318262],[61.869824,26.242432],[61.842383,26.225928],[61.809961,26.165283],[61.780762,25.99585],[61.754395,25.843359],[61.737695,25.821094],[61.668652,25.768994],[61.661816,25.75127],[61.671387,25.692383],[61.640137,25.584619],[61.61543,25.286133],[61.587891,25.202344],[61.533105,25.195508],[61.490332,25.153662],[61.412207,25.1021],[61.242969,25.141992],[61.108594,25.183887],[60.663867,25.282227],[60.615137,25.329834],[60.5875,25.413525],[60.510547,25.437061],[60.400195,25.311572],[60.024707,25.384131],[59.89707,25.361816],[59.818359,25.400879],[59.616016,25.403271],[59.456055,25.481494],[59.227246,25.427734],[59.046094,25.417285],[58.797852,25.55459],[58.530859,25.592432],[58.314258,25.580859],[58.20293,25.591602],[58.022363,25.64082],[57.936621,25.69165],[57.796094,25.653027],[57.73252,25.724902],[57.33457,25.791553],[57.260938,25.918848],[57.205566,26.037207],[57.201367,26.158838],[57.104297,26.371436],[57.071973,26.680078],[57.036035,26.800684],[56.982227,26.905469],[56.910449,26.99458],[56.812891,27.08999],[56.728125,27.127686],[56.356152,27.200244],[56.284375,27.190625],[56.118066,27.143115],[55.941113,27.037598],[55.650293,26.977539],[55.591602,26.932129],[55.518555,26.829932],[55.424023,26.770557],[55.294141,26.785937],[55.15459,26.725391],[54.895801,26.556689],[54.759277,26.505078],[54.644922,26.508936],[54.52207,26.58916],[54.24707,26.696631],[54.069336,26.732373],[53.822559,26.707715],[53.705762,26.725586],[53.507129,26.851758],[53.45498,26.943262],[53.341699,27.004492],[52.98252,27.141943],[52.691602,27.323389],[52.638184,27.391992],[52.602637,27.493359],[52.475879,27.616504],[52.191895,27.717285],[52.030762,27.824414],[51.841992,27.848242],[51.666309,27.844971],[51.589063,27.864209],[51.518555,27.91001],[51.278906,28.131348],[51.276074,28.218848],[51.128418,28.435156],[51.093848,28.512109],[51.062012,28.726123],[51.021191,28.78208],[50.866992,28.870166],[50.842969,28.927832],[50.875781,29.004395],[50.875781,29.062695],[50.795508,29.117432],[50.675195,29.146582],[50.646094,29.212207],[50.667969,29.339844],[50.649609,29.420068],[50.543555,29.547998],[50.386914,29.679053],[50.230176,29.8729],[50.168945,29.92124],[50.128906,30.048096],[50.071582,30.198535],[49.983105,30.209375],[49.554883,30.028955],[49.42998,30.130469],[49.054297,30.306934],[49.028125,30.333447],[49.001953,30.373926],[49.049023,30.397266],[49.096191,30.406787],[49.190332,30.375391],[49.247266,30.4125],[49.224512,30.472314],[49.130371,30.509424],[49.001953,30.506543],[49.037109,30.450488],[48.916797,30.397266],[48.891211,30.327637],[48.908691,30.241455],[48.919141,30.120898],[48.870117,30.062402],[48.832422,30.035498],[48.670898,30.02832],[48.595508,29.975049],[48.546484,29.962354],[48.478516,30.003809],[48.43457,30.037598],[48.398633,30.109619],[48.387598,30.159863],[48.401367,30.18833],[48.382617,30.230176],[48.331055,30.285449],[48.278906,30.31582],[48.226172,30.321338],[48.182422,30.355029],[48.147559,30.416846],[48.066113,30.457666],[48.014941,30.465625],[48.013477,30.656445],[48.012012,30.823633],[48.010645,30.989795],[47.836328,30.996436],[47.679492,31.002393],[47.679492,31.141504],[47.679492,31.400586],[47.753906,31.601367],[47.82998,31.794434],[47.714551,31.936426],[47.591504,32.087988],[47.511914,32.15083],[47.418164,32.340088],[47.371289,32.42373],[47.329785,32.455518],[47.285156,32.474023],[47.121387,32.466602],[46.968555,32.568408],[46.789062,32.687988],[46.569922,32.833936],[46.377051,32.929248],[46.298242,32.950244],[46.112793,32.957666],[46.093066,32.975879],[46.080469,33.028223],[46.080762,33.086523],[46.141113,33.174414],[46.145898,33.229639],[46.019922,33.415723],[45.981055,33.470117],[45.873242,33.491992],[45.894727,33.545654],[45.894727,33.581543],[45.879395,33.609766],[45.854492,33.62334],[45.822852,33.624805],[45.738281,33.602832],[45.67373,33.68667],[45.473242,33.925488],[45.408984,33.954492],[45.39707,33.97085],[45.446094,34.044043],[45.528613,34.152539],[45.542773,34.215527],[45.526855,34.284668],[45.437598,34.415137],[45.459375,34.470361],[45.497754,34.533887],[45.500781,34.581592],[45.56084,34.574512],[45.6375,34.573828],[45.661523,34.612695],[45.660059,34.748779],[45.678125,34.798437],[45.920898,35.028516],[46.041797,35.080176],[46.133789,35.127637],[46.154688,35.196729],[46.135742,35.232275],[46.117773,35.284277],[46.112109,35.32168],[46.010645,35.424805],[45.975391,35.476807],[45.971094,35.52417],[45.99502,35.608105],[46.037402,35.673145],[46.180957,35.711377],[46.2625,35.744141],[46.273438,35.773242],[46.16748,35.820557],[45.941406,35.8354],[45.776367,35.821826],[45.723438,35.83667],[45.64502,35.928369],[45.561621,35.977197],[45.483789,36.008545],[45.407715,36.002783],[45.361621,36.015332],[45.350879,36.054639],[45.241113,36.355957],[45.206543,36.397168],[45.155273,36.407373],[45.112402,36.409277],[45.083789,36.430029],[45.053125,36.471631],[45.031055,36.526074],[45.029395,36.597559],[45.033984,36.658887],[45.019238,36.698389],[44.981445,36.737695],[44.927832,36.765918],[44.880859,36.799316],[44.798438,37.063867],[44.76543,37.13501],[44.765137,37.142432],[44.766699,37.156348],[44.758301,37.21709],[44.796777,37.269775],[44.794141,37.290381],[44.715137,37.357129],[44.604102,37.42373],[44.574023,37.4354],[44.573145,37.506396],[44.577148,37.560205],[44.567188,37.608643],[44.546094,37.636328],[44.545313,37.658154],[44.589941,37.710352],[44.56123,37.744629],[44.397754,37.829248],[44.33623,37.871777],[44.222949,37.880176],[44.211328,37.908057],[44.228906,37.967187],[44.267969,38.038818],[44.329395,38.109277],[44.348926,38.146484],[44.372754,38.209717],[44.380859,38.25459],[44.449609,38.317773],[44.449902,38.334229],[44.430859,38.356787],[44.375781,38.36958],[44.319629,38.374707],[44.298535,38.386279],[44.29082,38.420117],[44.297852,38.557812],[44.280176,38.640674],[44.257031,38.700635],[44.27168,38.836035],[44.232422,38.863232],[44.170801,38.934375],[44.144531,38.994385],[44.158789,39.016748],[44.171875,39.05625],[44.180566,39.108057],[44.178027,39.144824],[44.121289,39.180615],[44.079102,39.218311],[44.074316,39.259961],[44.05752,39.31084],[44.033789,39.351025],[44.023242,39.377441],[44.043945,39.392969],[44.124023,39.405225],[44.24043,39.396777],[44.335449,39.396045],[44.389355,39.422119],[44.455957,39.666748],[44.516699,39.73125],[44.587109,39.768555],[44.725,39.681738],[44.782129,39.651074],[44.817188,39.650439],[44.838184,39.629102],[45.000195,39.423535],[45.07168,39.362891],[45.113086,39.311572],[45.141211,39.254297],[45.190625,39.215625],[45.255957,39.194678],[45.335547,39.13916],[45.389258,39.095898],[45.479688,39.00625],[45.575,38.972803],[45.921875,38.90791],[46.114453,38.877783],[46.170117,38.869043],[46.317773,38.912646],[46.490625,38.906689],[46.554785,38.904395],[46.783203,39.087402],[46.852539,39.148438],[46.988867,39.180176],[47.06543,39.252881],[47.188379,39.340967],[47.338477,39.423877],[47.476172,39.49834],[47.581836,39.543359],[47.772852,39.648584],[47.892285,39.685059],[47.995898,39.683936],[48.151074,39.560547],[48.281738,39.44834],[48.322168,39.399072],[48.257227,39.35498],[48.136035,39.312354],[48.112891,39.281104],[48.104395,39.241113],[48.10918,39.202832],[48.125488,39.171631],[48.274121,39.099121],[48.291016,39.059277],[48.29209,39.018848],[48.275098,38.993604],[48.241992,38.978955],[48.138574,38.958643],[48.050098,38.93501],[48.019336,38.911816],[47.992676,38.884277],[47.996484,38.85376],[48.023242,38.819043],[48.204688,38.724121],[48.225195,38.689209],[48.261328,38.642285],[48.305566,38.613477],[48.38125,38.605615],[48.417383,38.58623],[48.592676,38.411084],[48.635547,38.39873],[48.840332,38.437256],[48.86875,38.435498],[48.870703,38.392529],[48.901367,38.143652],[48.925098,38.015137],[48.959961,37.890137],[49.015332,37.776074],[49.080957,37.667578],[49.171191,37.600586],[49.372461,37.519971],[49.470117,37.49668],[49.726953,37.480518],[49.980664,37.444873],[50.130469,37.407129],[50.17627,37.380518],[50.214063,37.3396],[50.337891,37.14917],[50.533203,37.013672],[50.927441,36.810205],[51.118555,36.742578],[51.762012,36.614502],[52.190137,36.621729],[53.374121,36.86875],[53.767676,36.930322],[53.91543,36.930322],[53.827441,36.881201],[53.679492,36.853125],[53.76875,36.818457],[53.90625,36.812695],[53.970117,36.818311],[54.016211,36.849658],[54.023828,36.901318],[54.017188,36.95249],[53.951953,37.181738],[53.91416,37.343555],[54.191602,37.332471]]]]}},{"type":"Feature","properties":{"code":"IND","name_en":"India","name_fa":"هند"},"geometry":{"type":"MultiPolygon","coordinates":[[[[68.23418,23.900537],[68.28252,23.927979],[68.38125,23.950879],[68.488672,23.967236],[68.586621,23.966602],[68.724121,23.964697],[68.728125,24.265625],[68.739648,24.291992],[68.758984,24.307227],[68.781152,24.313721],[68.8,24.309082],[68.82832,24.264014],[68.863477,24.266504],[68.900781,24.292432],[68.98457,24.273096],[69.051563,24.286328],[69.119531,24.268652],[69.235059,24.268262],[69.443457,24.275391],[69.55918,24.273096],[69.63418,24.225195],[69.716211,24.172607],[69.805176,24.165234],[69.933789,24.171387],[70.021094,24.191553],[70.065137,24.240576],[70.098242,24.2875],[70.289062,24.356299],[70.489258,24.412158],[70.546777,24.418311],[70.565039,24.385791],[70.555859,24.331104],[70.579297,24.279053],[70.659473,24.246094],[70.716309,24.237988],[70.767285,24.24541],[70.805078,24.261963],[70.88623,24.34375],[70.928125,24.362354],[70.982813,24.361035],[71.044043,24.400098],[71.045313,24.42998],[71.00625,24.444336],[70.973242,24.487402],[70.979297,24.522461],[70.969824,24.571875],[70.976367,24.61875],[71.002344,24.653906],[71.047852,24.687744],[71.020703,24.757666],[70.950879,24.891602],[70.877734,25.062988],[70.800488,25.205859],[70.702539,25.331055],[70.652051,25.4229],[70.657227,25.625781],[70.648438,25.666943],[70.614844,25.691895],[70.569531,25.705957],[70.505859,25.685303],[70.448535,25.681348],[70.325195,25.685742],[70.264648,25.706543],[70.100195,25.910059],[70.078613,25.990039],[70.077734,26.071973],[70.132617,26.214795],[70.149219,26.347559],[70.156836,26.471436],[70.147656,26.506445],[70.114648,26.548047],[70.059375,26.57876],[69.911426,26.586133],[69.735938,26.627051],[69.600586,26.699121],[69.506934,26.742676],[69.48125,26.770996],[69.47002,26.804443],[69.494531,26.95415],[69.537012,27.122949],[69.567969,27.174609],[69.621582,27.228076],[69.661328,27.264502],[69.724805,27.312695],[69.896289,27.473633],[70.049805,27.694727],[70.144531,27.849023],[70.193945,27.894873],[70.244336,27.934131],[70.318457,27.981641],[70.403711,28.025049],[70.488574,28.023145],[70.569238,27.983789],[70.629102,27.937451],[70.649121,27.835352],[70.691602,27.768994],[70.737402,27.729004],[70.797949,27.709619],[70.874902,27.714453],[71.184766,27.831641],[71.290137,27.855273],[71.542969,27.869873],[71.716699,27.915088],[71.870313,27.9625],[71.888867,28.047461],[71.948047,28.177295],[72.128516,28.346338],[72.179199,28.421777],[72.233887,28.56582],[72.291992,28.697266],[72.341895,28.751904],[72.625586,28.896143],[72.90332,29.02876],[72.94873,29.088818],[73.12832,29.363916],[73.231152,29.550635],[73.257812,29.610693],[73.317285,29.772998],[73.381641,29.934375],[73.46748,29.97168],[73.658008,30.033203],[73.80918,30.093359],[73.886523,30.162012],[73.933398,30.22207],[73.924609,30.281641],[73.882715,30.352148],[73.891602,30.394043],[73.899316,30.435352],[74.008984,30.519678],[74.215625,30.768994],[74.339355,30.893555],[74.380371,30.893408],[74.509766,30.959668],[74.632812,31.034668],[74.625781,31.06875],[74.610352,31.112842],[74.539746,31.132666],[74.517676,31.185596],[74.534961,31.261377],[74.593945,31.465381],[74.581836,31.523926],[74.509961,31.712939],[74.525977,31.765137],[74.555566,31.818555],[74.635742,31.889746],[74.739453,31.948828],[75.071484,32.089355],[75.13877,32.104785],[75.254102,32.140332],[75.324707,32.215283],[75.333496,32.279199],[75.302637,32.318896],[75.233691,32.372119],[75.104102,32.420361],[74.987305,32.462207],[74.788867,32.457812],[74.685742,32.493799],[74.657813,32.518945],[74.643359,32.607715],[74.663281,32.757666],[74.632422,32.770898],[74.588281,32.753223],[74.483398,32.770996],[74.35459,32.768701],[74.305469,32.810449],[74.32998,32.86084],[74.322754,32.927979],[74.303613,32.991797],[74.283594,33.005127],[74.22207,33.020312],[74.12627,33.075439],[74.049121,33.143408],[74.003809,33.189453],[73.989844,33.221191],[73.994238,33.242188],[74.050391,33.30127],[74.117773,33.384131],[74.142578,33.455371],[74.15,33.506982],[74.13125,33.545068],[74.069727,33.591699],[74.004004,33.632422],[73.977539,33.667822],[73.976465,33.721289],[74.000977,33.788184],[74.078418,33.838672],[74.215625,33.886572],[74.250879,33.946094],[74.246484,33.990186],[74.208984,34.003418],[74.112598,34.003711],[73.949902,34.018799],[73.922363,34.043066],[73.904102,34.075684],[73.903906,34.108008],[73.938281,34.144775],[73.979492,34.191309],[73.972363,34.236621],[73.924609,34.287842],[73.809961,34.325342],[73.794531,34.378223],[73.812109,34.422363],[73.850098,34.485303],[73.883105,34.529053],[73.96123,34.653467],[74.055859,34.680664],[74.171973,34.720898],[74.300391,34.765381],[74.497949,34.732031],[74.594141,34.715771],[74.78877,34.677734],[74.951855,34.64585],[75.118457,34.636816],[75.1875,34.639014],[75.264063,34.601367],[75.452539,34.536719],[75.605566,34.502734],[75.70918,34.503076],[75.862109,34.560254],[75.938281,34.612549],[76.041016,34.669922],[76.172461,34.667725],[76.456738,34.756104],[76.509961,34.740869],[76.594434,34.73584],[76.696289,34.786914],[76.749023,34.847559],[76.75752,34.877832],[76.78291,34.900195],[76.891699,34.938721],[77.000879,34.991992],[77.030664,35.062354],[77.048633,35.109912],[77.168555,35.171533],[77.292969,35.235547],[77.423437,35.302588],[77.571582,35.37876],[77.696973,35.443262],[77.799414,35.495898],[77.802539,35.492773],[77.810938,35.484521],[77.851562,35.460791],[77.894922,35.449023],[77.945898,35.471631],[78.009473,35.490234],[78.042676,35.479785],[78.047461,35.449414],[78.00918,35.306934],[78.012207,35.251025],[78.075781,35.134912],[78.158496,34.946484],[78.236133,34.769824],[78.282031,34.653906],[78.326953,34.606396],[78.515723,34.557959],[78.670801,34.518164],[78.763086,34.45293],[78.864844,34.390332],[78.936426,34.351953],[78.970117,34.302637],[78.976953,34.258105],[78.970605,34.228223],[78.931738,34.188965],[78.753027,34.087695],[78.731738,34.055566],[78.72666,34.013379],[78.761719,33.887598],[78.783789,33.808789],[78.789941,33.650342],[78.801855,33.499707],[78.865039,33.431104],[78.916699,33.386768],[78.948438,33.346533],[79.012598,33.291455],[79.066504,33.250391],[79.1125,33.22627],[79.135156,33.171924],[79.12168,33.108105],[79.102832,33.052539],[79.108594,33.022656],[79.145508,33.001465],[79.202246,32.946045],[79.20957,32.864844],[79.205566,32.809033],[79.22793,32.758789],[79.233887,32.703076],[79.216504,32.564014],[79.219043,32.507568],[79.219336,32.501074],[79.169922,32.497217],[79.127344,32.475781],[79.066992,32.388184],[78.997656,32.365137],[78.918945,32.358203],[78.837891,32.411963],[78.771289,32.468066],[78.753516,32.499268],[78.736719,32.558398],[78.700879,32.597021],[78.631543,32.578955],[78.526367,32.570801],[78.4125,32.557715],[78.391699,32.544727],[78.389648,32.519873],[78.41748,32.466699],[78.441309,32.397363],[78.455273,32.300342],[78.486133,32.23623],[78.495898,32.215771],[78.677734,32.023047],[78.725586,31.983789],[78.735449,31.957959],[78.719727,31.887646],[78.687012,31.805518],[78.693457,31.740381],[78.753906,31.668359],[78.80293,31.618066],[78.755078,31.550293],[78.726758,31.471826],[78.758594,31.436572],[78.743555,31.323779],[78.757812,31.30249],[78.791602,31.293652],[78.844531,31.301514],[78.899512,31.331348],[78.945996,31.337207],[78.973926,31.328613],[79.011133,31.414111],[79.04375,31.426221],[79.107129,31.402637],[79.232617,31.241748],[79.33877,31.105713],[79.369629,31.079932],[79.388477,31.064209],[79.493164,30.993701],[79.56543,30.949072],[79.664258,30.965234],[79.794629,30.968262],[79.871875,30.924609],[79.916602,30.894189],[79.918555,30.889893],[79.924512,30.88877],[80.081445,30.781934],[80.149414,30.789844],[80.194336,30.759229],[80.207129,30.68374],[80.18623,30.605322],[80.191211,30.568408],[80.260938,30.561328],[80.40957,30.509473],[80.541016,30.463525],[80.608887,30.448877],[80.682129,30.414844],[80.746777,30.3604],[80.873535,30.290576],[80.985449,30.237109],[81.010254,30.164502],[80.966113,30.180029],[80.907617,30.171924],[80.848145,30.139746],[80.819922,30.119336],[80.684082,29.994336],[80.612891,29.955859],[80.549023,29.899805],[80.401855,29.730273],[80.316895,29.57207],[80.254883,29.42334],[80.255957,29.318018],[80.233008,29.194629],[80.169531,29.124316],[80.130469,29.100391],[80.08457,28.994189],[80.05166,28.870312],[80.070703,28.830176],[80.149609,28.776074],[80.226562,28.72334],[80.324805,28.666406],[80.418555,28.612012],[80.479102,28.604883],[80.495801,28.635791],[80.517871,28.665186],[80.587012,28.649609],[80.671289,28.59624],[80.726172,28.553906],[80.750781,28.539697],[80.896094,28.468555],[81.016602,28.40957],[81.168945,28.33501],[81.20625,28.289404],[81.238965,28.240869],[81.31084,28.176367],[81.486035,28.062207],[81.635547,27.980469],[81.757227,27.913818],[81.852637,27.86709],[81.896875,27.874463],[81.945215,27.899268],[81.987695,27.91377],[82.037012,27.900586],[82.111914,27.864941],[82.287695,27.756543],[82.451367,27.671826],[82.629883,27.687061],[82.677344,27.673437],[82.71084,27.59668],[82.733398,27.518994],[82.932813,27.467676],[83.064063,27.444531],[83.213867,27.402295],[83.289746,27.370996],[83.369434,27.410254],[83.383984,27.444824],[83.447168,27.465332],[83.55166,27.456348],[83.746973,27.395947],[83.828809,27.377832],[83.897168,27.435107],[84.024805,27.46167],[84.091016,27.491357],[84.229785,27.427832],[84.480859,27.348193],[84.610156,27.298682],[84.640723,27.249854],[84.654785,27.203662],[84.653809,27.091699],[84.685352,27.041016],[84.937207,26.926904],[85.0,26.89025669950549],[85.0,19.3183102081568],[84.770996,19.125391],[84.749805,19.050098],[84.69082,18.964697],[84.609375,18.884326],[84.462793,18.689746],[84.181738,18.400586],[84.104102,18.292676],[83.654297,18.069873],[83.572266,18.003613],[83.387988,17.78667],[83.19834,17.608984],[82.976855,17.461816],[82.593164,17.273926],[82.35957,17.096191],[82.286523,16.978076],[82.281934,16.936084],[82.307227,16.878564],[82.35,16.825195],[82.359766,16.782813],[82.338672,16.706543],[82.327148,16.664355],[82.258789,16.559863],[82.141504,16.485352],[81.761914,16.329492],[81.711719,16.334473],[81.401855,16.365234],[81.286133,16.337061],[81.238574,16.263965],[81.132129,15.961768],[81.030078,15.881445],[80.993457,15.80874],[80.978711,15.75835],[80.917773,15.759668],[80.864746,15.782227],[80.825977,15.765918],[80.781836,15.867334],[80.707812,15.888086],[80.646582,15.89502],[80.384863,15.792773],[80.293457,15.710742],[80.101074,15.323633],[80.053418,15.074023],[80.098633,14.798242],[80.16543,14.577832],[80.178711,14.47832],[80.170117,14.349414],[80.13623,14.286572],[80.111719,14.212207],[80.143652,14.058936],[80.224414,13.858203],[80.244141,13.773486],[80.245801,13.68584],[80.306543,13.485059],[80.265625,13.521289],[80.233398,13.605762],[80.15625,13.71377],[80.062109,13.60625],[80.114258,13.528711],[80.290332,13.436719],[80.342383,13.361328],[80.229102,12.690332],[80.143066,12.452002],[80.0375,12.295801],[79.981738,12.235449],[79.858496,11.98877],[79.771387,11.690234],[79.754102,11.575293],[79.793359,11.44668],[79.748926,11.370605],[79.693164,11.312549],[79.799023,11.338672],[79.835254,11.268848],[79.848633,11.196875],[79.850195,10.768848],[79.838184,10.322559],[79.756934,10.304346],[79.667383,10.299707],[79.588574,10.312354],[79.531641,10.329639],[79.390527,10.305957],[79.314551,10.256689],[79.253613,10.174805],[79.257812,10.035205],[79.2316634137603,10.0],[76.26705594288993,10.0],[76.24873,10.017969],[76.222754,10.024268],[76.195605,10.086133],[76.192676,10.16377],[76.201465,10.200635],[76.12334,10.327002],[76.096094,10.402246],[75.922559,10.784082],[75.844629,11.057568],[75.723828,11.361768],[75.646094,11.468408],[75.524512,11.703125],[75.422656,11.812207],[75.314648,11.958447],[75.229785,12.02334],[75.19668,12.05752],[74.945508,12.564551],[74.868262,12.84458],[74.80293,12.976855],[74.770508,13.077344],[74.682324,13.506934],[74.681641,13.58374],[74.670898,13.667627],[74.608496,13.849658],[74.498535,14.046338],[74.466699,14.168848],[74.466992,14.216504],[74.397168,14.407422],[74.382227,14.494727],[74.335059,14.575439],[74.280371,14.649512],[74.223047,14.708887],[74.08877,14.902197],[74.040625,14.949365],[73.949219,15.074756],[73.884277,15.306445],[73.800781,15.396973],[73.931934,15.396973],[73.851953,15.482471],[73.813867,15.538574],[73.771777,15.573047],[73.832813,15.659375],[73.732813,15.656934],[73.679883,15.708887],[73.607715,15.871094],[73.476074,16.054248],[73.453711,16.1521],[73.337598,16.459863],[73.23916,17.198535],[73.149023,17.527441],[73.156055,17.621924],[73.047168,17.906738],[72.993945,18.097705],[72.97207,18.259277],[72.943164,18.365625],[72.917187,18.576123],[72.875488,18.642822],[72.870898,18.683057],[72.89873,18.778955],[72.976855,18.927197],[73.005566,19.021094],[72.97207,19.15332],[72.900684,19.014502],[72.834668,18.975586],[72.803027,19.079297],[72.802734,19.21875],[72.794531,19.2521],[72.811621,19.298926],[72.987207,19.277441],[72.787891,19.362988],[72.763965,19.413184],[72.756445,19.450537],[72.799414,19.519824],[72.726563,19.578271],[72.697461,19.757129],[72.675977,19.797949],[72.667773,19.830957],[72.708984,20.078027],[72.881152,20.563184],[72.89375,20.672754],[72.878906,20.828516],[72.840527,20.95249],[72.824316,21.083594],[72.813867,21.117188],[72.751562,21.12915],[72.692383,21.177637],[72.623828,21.371973],[72.686523,21.435742],[72.734766,21.470801],[72.668359,21.455908],[72.613281,21.461816],[72.717578,21.55127],[72.810547,21.619922],[73.022461,21.699609],[73.1125,21.750439],[72.979102,21.704688],[72.839746,21.687256],[72.543066,21.696582],[72.59248,21.877588],[72.644043,21.937988],[72.700195,21.971924],[72.61748,21.961719],[72.522266,21.976221],[72.553027,22.159961],[72.62793,22.199609],[72.708789,22.207178],[72.80918,22.233301],[72.701953,22.263623],[72.590137,22.278125],[72.455957,22.248096],[72.332617,22.270215],[72.182813,22.269727],[72.242578,22.245166],[72.306445,22.189209],[72.274414,22.089746],[72.244336,22.027637],[72.161719,21.984814],[72.094434,21.919971],[72.075586,21.862988],[72.037207,21.823047],[72.10293,21.79458],[72.170898,21.774316],[72.210352,21.728223],[72.256641,21.66123],[72.254004,21.531006],[72.076563,21.224072],[72.015234,21.155713],[71.571094,20.970557],[71.396484,20.869775],[71.024609,20.738867],[70.879687,20.714502],[70.719336,20.74043],[70.485059,20.840186],[70.127344,21.094678],[70.034375,21.178809],[69.748438,21.505713],[69.541992,21.678564],[69.385449,21.839551],[69.191699,21.991504],[69.008789,22.196777],[68.969922,22.290283],[68.983496,22.3854],[69.05166,22.437305],[69.131348,22.41626],[69.194238,22.336084],[69.238867,22.300195],[69.276563,22.285498],[69.549219,22.408398],[69.655176,22.403516],[69.727539,22.465186],[69.819043,22.451758],[70.005859,22.547705],[70.08418,22.553516],[70.177246,22.572754],[70.327734,22.815771],[70.44043,22.970312],[70.513477,23.00249],[70.509375,23.040137],[70.489258,23.089502],[70.43457,23.0771],[70.396289,23.030127],[70.367969,22.973486],[70.339453,22.939746],[70.251172,22.970898],[70.191699,22.965674],[70.118262,22.947021],[69.849805,22.856445],[69.739648,22.775195],[69.664648,22.759082],[69.235937,22.848535],[68.81709,23.053711],[68.640723,23.189941],[68.529199,23.364063],[68.41748,23.571484],[68.453809,23.629492],[68.627148,23.75415],[68.776758,23.8521],[68.642383,23.808496],[68.496875,23.747998],[68.424902,23.705566],[68.343359,23.616846],[68.234961,23.596973],[68.191992,23.728906],[68.165039,23.857324],[68.23418,23.900537]]],[[[72.773047,11.196094],[72.772461,11.214258],[72.781836,11.243311],[72.792676,11.262744],[72.795898,11.260449],[72.792871,11.241553],[72.787891,11.215918],[72.780371,11.20249],[72.773047,11.196094]]]]}},{"type":"Feature","properties":{"code":"GEO","name_en":"Georgia","name_fa":"گرجستان"},"geometry":{"type":"Polygon","coordinates":[[[43.441602,41.125977],[43.433398,41.155518],[43.402344,41.176562],[43.358984,41.190137],[43.279297,41.185205],[43.205469,41.19917],[43.152832,41.236426],[43.141016,41.264844],[43.171289,41.287939],[43.149023,41.307129],[43.057129,41.352832],[42.906738,41.466846],[42.82168,41.492383],[42.787891,41.563721],[42.754102,41.578906],[42.682422,41.585742],[42.606836,41.578809],[42.59043,41.570703],[42.567383,41.559277],[42.50791,41.470068],[42.466406,41.439844],[42.364355,41.454004],[42.27998,41.475],[42.211133,41.486719],[42.077734,41.494092],[41.925781,41.495654],[41.823535,41.432373],[41.779395,41.440527],[41.701758,41.471582],[41.576563,41.497314],[41.510059,41.51748],[41.701758,41.70542],[41.758789,41.817139],[41.760742,41.884863],[41.762988,41.97002],[41.663281,42.146875],[41.577734,42.397852],[41.48877,42.659326],[41.419434,42.737646],[41.128711,42.828125],[41.061621,42.930859],[40.836621,43.063477],[40.524023,43.121045],[40.462109,43.145703],[40.190625,43.312402],[39.97832,43.419824],[40.02373,43.484863],[40.08457,43.553125],[40.150195,43.569775],[40.342285,43.542725],[40.518945,43.512012],[40.648047,43.533887],[40.80166,43.479932],[40.941992,43.418066],[41.083105,43.374463],[41.358203,43.333398],[41.460742,43.276318],[41.580566,43.219238],[42.05,43.190137],[42.087793,43.199121],[42.122266,43.207324],[42.279688,43.228076],[42.419043,43.224219],[42.566016,43.155127],[42.660254,43.159082],[42.760645,43.16958],[42.890039,43.132617],[42.991602,43.091504],[43.000195,43.049658],[43.08916,42.989062],[43.347949,42.89668],[43.557813,42.844482],[43.623047,42.807715],[43.782617,42.747021],[43.79873,42.727783],[43.79541,42.702979],[43.749902,42.65752],[43.738379,42.616992],[43.759863,42.593848],[43.825977,42.571533],[43.957422,42.566553],[44.004688,42.595605],[44.102734,42.616357],[44.199707,42.653613],[44.329492,42.703516],[44.505859,42.748633],[44.576465,42.748486],[44.644336,42.734717],[44.691797,42.709619],[44.771094,42.616797],[44.850488,42.746826],[44.870996,42.756396],[44.943359,42.730273],[45.071582,42.694141],[45.160254,42.675],[45.208203,42.648242],[45.34375,42.529785],[45.562891,42.535742],[45.655566,42.517676],[45.705273,42.498096],[45.727539,42.475049],[45.688379,42.357373],[45.634277,42.234717],[45.638574,42.205078],[45.726562,42.158887],[45.845996,42.109961],[45.910352,42.070703],[45.954004,42.0354],[46.048438,42.00874],[46.159766,41.992041],[46.212695,41.989893],[46.267773,41.960352],[46.411523,41.904639],[46.429883,41.890967],[46.405469,41.855078],[46.348242,41.790186],[46.302539,41.75708],[46.251855,41.751758],[46.201855,41.736865],[46.184277,41.702148],[46.182129,41.65708],[46.190527,41.624854],[46.203516,41.612598],[46.254688,41.602148],[46.305469,41.507715],[46.384961,41.459863],[46.508789,41.405566],[46.618945,41.34375],[46.672559,41.286816],[46.662402,41.245508],[46.626367,41.159668],[46.534375,41.088574],[46.45791,41.070215],[46.430957,41.077051],[46.380762,41.099316],[46.27998,41.154443],[46.170703,41.197852],[46.086523,41.183838],[46.03125,41.167285],[45.921973,41.186719],[45.792773,41.224414],[45.725488,41.261621],[45.695703,41.289014],[45.715625,41.337646],[45.422266,41.425293],[45.280957,41.449561],[45.217188,41.423193],[45.001367,41.290967],[44.975879,41.27749],[44.811328,41.259375],[44.810938,41.248584],[44.848535,41.220166],[44.841406,41.211377],[44.564844,41.208203],[44.473047,41.191016],[44.227344,41.21333],[44.146484,41.203369],[44.077246,41.18252],[43.90918,41.158984],[43.793164,41.131104],[43.64502,41.11665],[43.491992,41.115527],[43.439453,41.107129],[43.441602,41.125977]]]}},{"type":"Feature","properties":{"code":"ETH","name_en":"Ethiopia","name_fa":"اتیوپی"},"geometry":{"type":"Polygon","coordinates":[[[34.291504,10.124756],[34.31123,10.190869],[34.314844,10.251562],[34.275684,10.528125],[34.343945,10.658643],[34.431445,10.787842],[34.508008,10.842871],[34.571875,10.880176],[34.601758,10.864551],[34.675,10.804932],[34.771289,10.746191],[34.816211,10.75918],[34.882324,10.810547],[34.931445,10.864795],[34.924902,10.962109],[34.969141,11.161768],[34.960742,11.276758],[35.00791,11.419873],[35.059668,11.621045],[35.082715,11.748291],[35.112305,11.816553],[35.252441,11.957031],[35.372754,12.155566],[35.449609,12.300586],[35.596094,12.537305],[35.670215,12.62373],[35.730566,12.661035],[35.820605,12.684863],[35.987598,12.706299],[36.10752,12.726465],[36.125195,12.757031],[36.135352,12.805322],[36.137109,12.911133],[36.160156,13.093311],[36.212207,13.271094],[36.273535,13.405762],[36.306836,13.466846],[36.346289,13.52627],[36.390625,13.626074],[36.44707,13.842041],[36.443945,13.988428],[36.524316,14.256836],[36.542383,14.258203],[36.679102,14.307568],[36.811914,14.315039],[36.940723,14.280566],[37.024512,14.271973],[37.063477,14.289258],[37.099414,14.333984],[37.132617,14.406055],[37.185156,14.445996],[37.257227,14.45376],[37.353711,14.372461],[37.507227,14.156396],[37.546777,14.143848],[37.571191,14.149072],[37.648438,14.322559],[37.708398,14.457227],[37.820312,14.708496],[37.88418,14.852295],[37.943457,14.810547],[38.002539,14.737109],[38.069922,14.702734],[38.141992,14.681494],[38.177051,14.678809],[38.221484,14.649658],[38.376953,14.47041],[38.431445,14.428613],[38.504395,14.424414],[38.812012,14.482324],[38.995703,14.586865],[39.023828,14.628223],[39.074219,14.628223],[39.135449,14.581885],[39.158594,14.5375],[39.198047,14.479395],[39.270117,14.470312],[39.446094,14.511865],[39.531836,14.536719],[39.604883,14.516064],[39.697949,14.499023],[39.756152,14.499023],[39.895117,14.440674],[40.062109,14.459131],[40.140625,14.456055],[40.221484,14.431152],[40.353125,14.338086],[40.524414,14.225195],[40.769531,14.144482],[40.820117,14.11167],[40.938574,13.983105],[41.122363,13.736133],[41.362891,13.499805],[41.625,13.313232],[41.765039,13.183936],[41.85957,13.025879],[41.952148,12.882324],[42.046582,12.820605],[42.134277,12.771436],[42.225,12.661963],[42.289941,12.570215],[42.378516,12.466406],[42.280371,12.324268],[42.149121,12.134131],[41.995898,11.912354],[41.949609,11.857861],[41.815625,11.723779],[41.792676,11.686035],[41.766504,11.589111],[41.764648,11.412891],[41.782031,11.187793],[41.798242,10.980469],[41.872168,10.955811],[41.957422,10.941016],[42.052148,10.968359],[42.166211,10.991602],[42.308105,11.005225],[42.465137,11.04707],[42.557715,11.080762],[42.65498,11.07832],[42.741211,11.042383],[42.783008,11.009277],[42.844141,10.997949],[42.922754,10.999316],[42.906152,10.960254],[42.862891,10.903223],[42.809766,10.845996],[42.763086,10.786914],[42.65957,10.621387],[42.656445,10.6],[42.669238,10.567578],[42.725195,10.491748],[42.783691,10.369629],[42.816406,10.257373],[42.841602,10.203076],[42.9125,10.14082],[43.014746,10.012598],[43.022650870532665,10.0],[34.22722048537107,10.0],[34.291504,10.124756]]]}},{"type":"Feature","properties":{"code":"ERI","name_en":"Eritrea","name_fa":"اریتره"},"geometry":{"type":"MultiPolygon","coordinates":[[[[36.492285,14.544336],[36.470801,14.736475],[36.448145,14.940088],[36.426758,15.13208],[36.521777,15.250146],[36.566016,15.362109],[36.679199,15.726367],[36.724512,15.798877],[36.813477,15.993945],[36.825879,16.050293],[36.91377,16.296191],[36.905469,16.459521],[36.887793,16.624658],[36.935742,16.722363],[36.978711,16.800586],[36.975781,16.866553],[36.995215,17.020557],[37.008984,17.058887],[37.061523,17.061279],[37.169531,17.041406],[37.248828,17.056885],[37.34043,17.05708],[37.411035,17.061719],[37.45293,17.108691],[37.510156,17.288135],[37.547461,17.324121],[37.575977,17.33501],[37.656738,17.368262],[37.725977,17.420508],[37.782422,17.458008],[37.80332,17.465527],[37.862988,17.470264],[37.922559,17.492334],[37.950098,17.517676],[38.025293,17.537793],[38.098926,17.526465],[38.148535,17.548535],[38.181543,17.562842],[38.219043,17.563965],[38.253516,17.584766],[38.267285,17.616699],[38.289844,17.637012],[38.347363,17.683594],[38.37373,17.717334],[38.385547,17.75127],[38.397168,17.778369],[38.422461,17.823926],[38.522852,17.938525],[38.609473,18.005078],[38.911719,17.427148],[39.034473,17.085547],[39.142578,16.72915],[39.222559,16.193701],[39.298926,15.921094],[39.422266,15.78667],[39.506543,15.532129],[39.578809,15.52251],[39.63125,15.452539],[39.720801,15.213672],[39.785547,15.124854],[39.819434,15.20127],[39.815625,15.245312],[39.790332,15.318848],[39.813477,15.413574],[39.86377,15.470312],[39.97832,15.393115],[40.041016,15.334521],[40.057813,15.21709],[40.084082,15.151953],[40.204102,15.014111],[40.305273,14.974023],[40.436523,14.963965],[40.546289,14.933594],[40.634375,14.883008],[40.799316,14.743018],[41.176465,14.620312],[41.479688,14.243896],[41.658203,13.983057],[42.245117,13.587646],[42.346484,13.398096],[42.399316,13.212598],[42.522852,13.221484],[42.734473,13.018604],[42.796191,12.864258],[42.969531,12.80835],[42.999023,12.899512],[43.08291,12.824609],[43.116699,12.708594],[43.005664,12.662305],[42.883301,12.621289],[42.865918,12.622803],[42.825293,12.569336],[42.76748,12.422852],[42.703711,12.380322],[42.670117,12.376562],[42.479395,12.513623],[42.45,12.521338],[42.408594,12.494385],[42.378516,12.466406],[42.289941,12.570215],[42.225,12.661963],[42.134277,12.771436],[42.046582,12.820605],[41.952148,12.882324],[41.85957,13.025879],[41.765039,13.183936],[41.625,13.313232],[41.362891,13.499805],[41.122363,13.736133],[40.938574,13.983105],[40.820117,14.11167],[40.769531,14.144482],[40.524414,14.225195],[40.353125,14.338086],[40.221484,14.431152],[40.140625,14.456055],[40.062109,14.459131],[39.895117,14.440674],[39.756152,14.499023],[39.697949,14.499023],[39.604883,14.516064],[39.531836,14.536719],[39.446094,14.511865],[39.270117,14.470312],[39.198047,14.479395],[39.158594,14.5375],[39.135449,14.581885],[39.074219,14.628223],[39.023828,14.628223],[38.995703,14.586865],[38.812012,14.482324],[38.504395,14.424414],[38.431445,14.428613],[38.376953,14.47041],[38.221484,14.649658],[38.177051,14.678809],[38.141992,14.681494],[38.069922,14.702734],[38.002539,14.737109],[37.943457,14.810547],[37.88418,14.852295],[37.820312,14.708496],[37.708398,14.457227],[37.648438,14.322559],[37.571191,14.149072],[37.546777,14.143848],[37.507227,14.156396],[37.353711,14.372461],[37.257227,14.45376],[37.185156,14.445996],[37.132617,14.406055],[37.099414,14.333984],[37.063477,14.289258],[37.024512,14.271973],[36.940723,14.280566],[36.811914,14.315039],[36.679102,14.307568],[36.542383,14.258203],[36.524316,14.256836],[36.492285,14.544336]]],[[[40.110059,15.985742],[40.012402,16.022656],[39.996094,16.042676],[40.039062,16.080957],[40.048145,16.104492],[40.076465,16.082422],[40.110059,15.985742]]],[[[40.18252,15.64292],[40.211426,15.648145],[40.234082,15.665869],[40.250098,15.703467],[40.408203,15.629199],[40.399023,15.579883],[40.304688,15.577344],[40.195801,15.598145],[40.095117,15.590918],[39.975195,15.612451],[39.947461,15.696143],[40.023926,15.655615],[40.063477,15.665869],[40.070508,15.676611],[40.016309,15.733252],[39.939941,15.744531],[39.945215,15.789062],[39.979395,15.806592],[40.000488,15.828271],[39.956738,15.889404],[40.042578,15.875488],[40.096777,15.838477],[40.132422,15.795264],[40.141211,15.696143],[40.18252,15.64292]]]]}},{"type":"Feature","properties":{"code":"EGY","name_en":"Egypt","name_fa":"مصر"},"geometry":{"type":"Polygon","coordinates":[[[36.543262,21.996631],[36.215234,21.996582],[35.887012,21.996533],[35.558984,21.996484],[35.230859,21.996436],[34.902734,21.996387],[34.574609,21.996338],[34.246484,21.996289],[33.918457,21.99624],[33.590332,21.996191],[33.262207,21.996143],[32.934082,21.996094],[32.606055,21.995996],[32.277832,21.995996],[31.949805,21.995898],[31.62168,21.99585],[31.434473,21.99585],[31.466406,22.084668],[31.486133,22.147803],[31.464258,22.191504],[31.400293,22.202441],[31.358496,22.188623],[31.260645,22.002295],[31.20918,21.994873],[31.092676,21.994873],[30.710645,21.994922],[30.328613,21.99502],[30.0,21.99510345825315],[30.0,31.249758489245917],[30.049414,31.26543],[30.127539,31.255664],[30.222656,31.258398],[30.262305,31.316846],[30.312305,31.357031],[30.34375,31.402734],[30.395117,31.457617],[30.570996,31.472998],[30.923535,31.566846],[30.88418,31.522363],[30.562988,31.416992],[30.700488,31.403857],[30.841406,31.439893],[31.001758,31.462793],[31.030859,31.507568],[31.051953,31.591553],[31.08291,31.60332],[31.193945,31.587598],[31.524414,31.458252],[31.606543,31.455762],[31.839258,31.526318],[31.888965,31.541406],[31.964258,31.5021],[32.136035,31.341064],[32.076074,31.344482],[31.892188,31.482471],[31.875879,31.413721],[31.771094,31.292578],[31.902051,31.240186],[32.008496,31.220508],[32.065625,31.152979],[32.101758,31.092822],[32.206543,31.119043],[32.281836,31.200879],[32.242773,31.246533],[32.216211,31.29375],[32.250586,31.294922],[32.323535,31.256055],[32.532813,31.100732],[32.60332,31.06875],[32.68457,31.074023],[32.854492,31.117725],[32.901563,31.110937],[33.129883,31.168164],[33.156738,31.126221],[33.194336,31.084521],[33.37793,31.130957],[33.666504,31.13042],[33.902539,31.180957],[34.17627,31.303906],[34.198145,31.322607],[34.2125,31.292285],[34.245313,31.208301],[34.328516,30.99502],[34.400977,30.827832],[34.489941,30.596289],[34.517773,30.507373],[34.529688,30.446045],[34.658594,30.191455],[34.735059,29.982031],[34.791113,29.812109],[34.869824,29.563916],[34.904297,29.477344],[34.848535,29.432129],[34.736426,29.270605],[34.617188,28.75791],[34.446484,28.357324],[34.427148,28.106494],[34.399707,28.016016],[34.318555,27.888965],[34.220117,27.764307],[34.045117,27.828857],[33.760254,28.047656],[33.594141,28.255566],[33.416113,28.389844],[33.247754,28.567725],[33.201953,28.695703],[33.203711,28.777783],[33.130176,28.978271],[33.075781,29.073047],[32.870605,29.28623],[32.811719,29.4],[32.766699,29.45],[32.721484,29.521777],[32.647168,29.798437],[32.565723,29.973975],[32.473047,29.925439],[32.489453,29.851514],[32.408594,29.749316],[32.359766,29.630664],[32.397266,29.533789],[32.565039,29.386328],[32.599023,29.321924],[32.638086,29.182178],[32.631836,28.992236],[32.658887,28.927734],[32.784473,28.786621],[32.829492,28.702881],[32.856543,28.630615],[32.898242,28.565234],[33.022852,28.442285],[33.202148,28.208301],[33.372266,28.050586],[33.494922,27.974463],[33.54707,27.898145],[33.558789,27.701221],[33.549805,27.607373],[33.657422,27.430566],[33.697266,27.341113],[33.80166,27.268164],[33.849316,27.184912],[33.893066,27.049463],[33.959082,26.649023],[34.049512,26.550732],[34.329297,26.024365],[34.565137,25.691162],[34.679297,25.442529],[34.853223,25.139795],[35.194141,24.475146],[35.39707,24.269971],[35.477832,24.154785],[35.624707,24.066016],[35.783887,23.937793],[35.632031,23.950342],[35.593848,23.942578],[35.54082,23.920654],[35.515234,23.842871],[35.504395,23.779297],[35.522754,23.442529],[35.564355,23.271094],[35.697852,22.946191],[35.797363,22.84873],[35.845801,22.785693],[35.913379,22.739648],[36.229688,22.628809],[36.414551,22.394189],[36.829688,22.097656],[36.87041,22.015771],[36.871387,21.996729],[36.543262,21.996631]]]}},{"type":"Feature","properties":{"code":"DJI","name_en":"Djibouti","name_fa":"جیبوتی"},"geometry":{"type":"Polygon","coordinates":[[[43.159375,11.365723],[43.048633,11.194336],[42.922754,10.999316],[42.844141,10.997949],[42.783008,11.009277],[42.741211,11.042383],[42.65498,11.07832],[42.557715,11.080762],[42.465137,11.04707],[42.308105,11.005225],[42.166211,10.991602],[42.052148,10.968359],[41.957422,10.941016],[41.872168,10.955811],[41.798242,10.980469],[41.782031,11.187793],[41.764648,11.412891],[41.766504,11.589111],[41.792676,11.686035],[41.815625,11.723779],[41.949609,11.857861],[41.995898,11.912354],[42.149121,12.134131],[42.280371,12.324268],[42.378516,12.466406],[42.408594,12.494385],[42.45,12.521338],[42.479395,12.513623],[42.670117,12.376562],[42.703711,12.380322],[42.76748,12.422852],[42.825293,12.569336],[42.865918,12.622803],[42.883301,12.621289],[43.005664,12.662305],[43.116699,12.708594],[43.130859,12.660449],[43.298633,12.463867],[43.353516,12.367041],[43.409766,12.189941],[43.380273,12.09126],[43.336719,12.027002],[43.27207,11.969531],[43.048047,11.829053],[42.799023,11.739404],[42.640039,11.560107],[42.521777,11.572168],[42.539746,11.504297],[42.583789,11.496777],[42.652734,11.50957],[42.789746,11.561719],[42.911523,11.586621],[43.042773,11.588477],[43.161719,11.566016],[43.245996,11.499805],[43.159375,11.365723]]]}},{"type":"Feature","properties":{"code":"CYN","name_en":"Turkish Republic of Northern Cyprus","name_fa":"جمهوری ترک قبرس شمالی"},"geometry":{"type":"Polygon","coordinates":[[[33.965723,35.056787],[33.90332,35.085449],[33.866406,35.093604],[33.832031,35.067187],[33.792285,35.048193],[33.756934,35.039746],[33.725781,35.037305],[33.675391,35.017871],[33.614453,35.022754],[33.525684,35.038672],[33.475781,35.000342],[33.463867,35.004932],[33.455957,35.101416],[33.424219,35.140918],[33.383789,35.162695],[33.325586,35.153613],[33.24834,35.156934],[33.191016,35.173145],[33.077539,35.146191],[32.985938,35.116406],[32.919531,35.087842],[32.869434,35.089404],[32.784082,35.115771],[32.720215,35.145361],[32.712695,35.171045],[32.772363,35.15957],[32.879883,35.180566],[32.926367,35.278076],[32.941602,35.39043],[33.123438,35.358203],[33.307813,35.341504],[33.458789,35.335889],[33.607617,35.35415],[34.063477,35.473975],[34.19248,35.545703],[34.272363,35.569971],[34.411133,35.629297],[34.556055,35.662061],[34.463184,35.593506],[33.941992,35.292041],[33.90791,35.202393],[33.93125,35.140381],[34.004492,35.065234],[33.965723,35.056787]]]}},{"type":"Feature","properties":{"code":"CYP","name_en":"Cyprus","name_fa":"قبرس"},"geometry":{"type":"Polygon","coordinates":[[[32.720215,35.145361],[32.784082,35.115771],[32.869434,35.089404],[32.919531,35.087842],[32.985938,35.116406],[33.077539,35.146191],[33.191016,35.173145],[33.24834,35.156934],[33.325586,35.153613],[33.383789,35.162695],[33.424219,35.140918],[33.455957,35.101416],[33.463867,35.004932],[33.475781,35.000342],[33.525684,35.038672],[33.614453,35.022754],[33.675391,35.017871],[33.725781,35.037305],[33.756934,35.039746],[33.792285,35.048193],[33.832031,35.067187],[33.866406,35.093604],[33.90332,35.085449],[33.965723,35.056787],[34.004492,35.065234],[34.023633,35.045557],[34.050195,34.988379],[33.936523,34.971484],[33.822461,34.965918],[33.758984,34.973242],[33.699414,34.969873],[33.514453,34.806445],[33.414941,34.750879],[33.296582,34.717725],[33.176074,34.698047],[33.115527,34.695557],[33.062305,34.674805],[33.024902,34.636914],[33.023926,34.6],[33.00791,34.56958],[32.941797,34.575879],[32.914258,34.635498],[32.867188,34.661133],[32.750098,34.647803],[32.692969,34.649365],[32.505566,34.70625],[32.449023,34.729443],[32.41377,34.778027],[32.317188,34.95332],[32.300977,35.082959],[32.390918,35.049805],[32.475,35.08999],[32.555957,35.155762],[32.652344,35.182666],[32.712695,35.171045],[32.720215,35.145361]]]}},{"type":"Feature","properties":{"code":"CHN","name_en":"People's Republic of China","name_fa":"جمهوری خلق چین"},"geometry":{"type":"Polygon","coordinates":[[[84.855078,28.553613],[84.796875,28.560205],[84.759375,28.579248],[84.714258,28.595557],[84.676758,28.621533],[84.650586,28.65957],[84.46543,28.75293],[84.410742,28.803906],[84.312109,28.868115],[84.228711,28.911768],[84.175586,29.036377],[84.127832,29.156299],[84.101367,29.219971],[84.021973,29.253857],[83.935938,29.279492],[83.79043,29.227441],[83.671094,29.187598],[83.583496,29.183594],[83.456641,29.306348],[83.355176,29.43916],[83.235156,29.55459],[83.155469,29.612646],[83.013965,29.618066],[82.854297,29.683398],[82.64082,29.831201],[82.486523,29.941504],[82.220703,30.063867],[82.158984,30.115186],[82.135352,30.158984],[82.098926,30.245068],[82.043359,30.326758],[81.854883,30.362402],[81.641895,30.3875],[81.417188,30.337598],[81.255078,30.093311],[81.177148,30.039893],[81.110352,30.036816],[81.055566,30.098975],[81.010254,30.164502],[80.985449,30.237109],[80.873535,30.290576],[80.746777,30.3604],[80.682129,30.414844],[80.608887,30.448877],[80.541016,30.463525],[80.40957,30.509473],[80.260938,30.561328],[80.191211,30.568408],[80.18623,30.605322],[80.207129,30.68374],[80.194336,30.759229],[80.149414,30.789844],[80.081445,30.781934],[79.924512,30.88877],[79.918555,30.889893],[79.916602,30.894189],[79.871875,30.924609],[79.794629,30.968262],[79.664258,30.965234],[79.56543,30.949072],[79.493164,30.993701],[79.388477,31.064209],[79.369629,31.079932],[79.33877,31.105713],[79.232617,31.241748],[79.107129,31.402637],[79.04375,31.426221],[79.011133,31.414111],[78.973926,31.328613],[78.945996,31.337207],[78.899512,31.331348],[78.844531,31.301514],[78.791602,31.293652],[78.757812,31.30249],[78.743555,31.323779],[78.758594,31.436572],[78.726758,31.471826],[78.755078,31.550293],[78.80293,31.618066],[78.753906,31.668359],[78.693457,31.740381],[78.687012,31.805518],[78.719727,31.887646],[78.735449,31.957959],[78.725586,31.983789],[78.677734,32.023047],[78.495898,32.215771],[78.486133,32.23623],[78.455273,32.300342],[78.441309,32.397363],[78.41748,32.466699],[78.389648,32.519873],[78.391699,32.544727],[78.4125,32.557715],[78.526367,32.570801],[78.631543,32.578955],[78.700879,32.597021],[78.736719,32.558398],[78.753516,32.499268],[78.771289,32.468066],[78.837891,32.411963],[78.918945,32.358203],[78.997656,32.365137],[79.066992,32.388184],[79.127344,32.475781],[79.169922,32.497217],[79.219336,32.501074],[79.219043,32.507568],[79.216504,32.564014],[79.233887,32.703076],[79.22793,32.758789],[79.205566,32.809033],[79.20957,32.864844],[79.202246,32.946045],[79.145508,33.001465],[79.108594,33.022656],[79.102832,33.052539],[79.12168,33.108105],[79.135156,33.171924],[79.1125,33.22627],[79.066504,33.250391],[79.012598,33.291455],[78.948438,33.346533],[78.916699,33.386768],[78.865039,33.431104],[78.801855,33.499707],[78.789941,33.650342],[78.783789,33.808789],[78.761719,33.887598],[78.72666,34.013379],[78.731738,34.055566],[78.753027,34.087695],[78.931738,34.188965],[78.970605,34.228223],[78.976953,34.258105],[78.970117,34.302637],[78.936426,34.351953],[78.864844,34.390332],[78.763086,34.45293],[78.670801,34.518164],[78.515723,34.557959],[78.326953,34.606396],[78.282031,34.653906],[78.236133,34.769824],[78.158496,34.946484],[78.075781,35.134912],[78.012207,35.251025],[78.00918,35.306934],[78.047461,35.449414],[78.042676,35.479785],[78.009473,35.490234],[77.945898,35.471631],[77.894922,35.449023],[77.851562,35.460791],[77.810938,35.484521],[77.802539,35.492773],[77.799414,35.495898],[77.724023,35.480566],[77.572559,35.471826],[77.52002,35.473437],[77.446484,35.475586],[77.294824,35.508154],[77.090039,35.552051],[76.878906,35.613281],[76.766895,35.661719],[76.727539,35.678662],[76.631836,35.729395],[76.563477,35.772998],[76.55127,35.887061],[76.502051,35.878223],[76.385742,35.837158],[76.25166,35.810937],[76.177832,35.810547],[76.147852,35.829004],[76.10332,35.949219],[76.070898,35.983008],[76.010449,35.996338],[75.945117,36.017578],[75.912305,36.048975],[75.904883,36.088477],[75.934082,36.133936],[75.968652,36.168848],[75.974414,36.382422],[75.951855,36.458105],[75.933008,36.521582],[75.884961,36.600732],[75.840234,36.649707],[75.772168,36.694922],[75.667188,36.741992],[75.57373,36.759326],[75.460254,36.725049],[75.424219,36.738232],[75.376855,36.883691],[75.34668,36.913477],[75.145215,36.973242],[75.053906,36.987158],[74.949121,36.968359],[74.889258,36.952441],[74.841211,36.979102],[74.766016,37.012744],[74.692188,37.035742],[74.600586,37.03667],[74.541406,37.022168],[74.526465,37.030664],[74.497949,37.057227],[74.376172,37.137354],[74.372168,37.157715],[74.558984,37.236621],[74.668945,37.266699],[74.72666,37.290723],[74.738965,37.285645],[74.767383,37.24917],[74.840234,37.225049],[74.891309,37.231641],[74.918164,37.25],[75.008398,37.293555],[75.079004,37.344043],[75.11875,37.385693],[75.097461,37.45127],[74.986426,37.530371],[74.91582,37.572803],[74.894238,37.601416],[74.912305,37.687305],[74.938281,37.77251],[74.921289,37.80498],[74.900293,37.832715],[74.89082,37.925781],[74.84248,38.038086],[74.789648,38.103613],[74.775098,38.191895],[74.77207,38.274756],[74.835938,38.404297],[74.812305,38.460303],[74.74502,38.51001],[74.514063,38.6],[74.277441,38.659766],[74.187305,38.65752],[74.131348,38.661182],[74.065332,38.608496],[74.025586,38.539844],[73.97002,38.533691],[73.869141,38.562891],[73.80166,38.606885],[73.754102,38.698926],[73.716797,38.817236],[73.696094,38.854297],[73.706836,38.88623],[73.72998,38.914697],[73.794531,38.941309],[73.805273,38.968652],[73.795605,39.002148],[73.74375,39.044531],[73.69043,39.104541],[73.607324,39.229199],[73.623145,39.297852],[73.636328,39.39668],[73.631641,39.448877],[73.715723,39.462256],[73.822949,39.488965],[73.872754,39.533301],[73.907129,39.578516],[73.914648,39.606494],[73.88252,39.714551],[73.839746,39.762842],[73.835352,39.800146],[73.85625,39.828662],[73.88457,39.87793],[73.93877,39.978809],[73.991602,40.043115],[74.020508,40.059375],[74.085156,40.074316],[74.242676,40.092041],[74.411914,40.137207],[74.613086,40.272168],[74.679883,40.310596],[74.767773,40.329883],[74.830469,40.328516],[74.841797,40.344971],[74.80127,40.428516],[74.811133,40.458789],[74.835156,40.482617],[74.865625,40.493506],[75.004492,40.449512],[75.111328,40.454102],[75.241016,40.480273],[75.520801,40.627539],[75.555566,40.625195],[75.583496,40.605322],[75.617383,40.516602],[75.655957,40.329248],[75.677148,40.305811],[75.871973,40.303223],[76.004297,40.371436],[76.062305,40.387549],[76.156641,40.376465],[76.206055,40.408398],[76.258301,40.430762],[76.318555,40.352246],[76.396387,40.389795],[76.480176,40.449512],[76.520898,40.51123],[76.57793,40.577881],[76.622168,40.662354],[76.639844,40.742236],[76.661133,40.779639],[76.708398,40.818115],[76.824023,40.982324],[76.907715,41.02417],[76.986621,41.03916],[77.182031,41.010742],[77.283984,41.014355],[77.581738,40.992773],[77.719336,41.024316],[77.815234,41.055615],[77.956445,41.050684],[78.123438,41.075635],[78.346289,41.281445],[78.348828,41.325195],[78.362402,41.371631],[78.442871,41.417529],[78.543164,41.45957],[78.742578,41.560059],[79.148438,41.719141],[79.293555,41.782812],[79.354395,41.781055],[79.503906,41.820996],[79.766113,41.898877],[79.84043,41.995752],[79.909668,42.01499],[80.216211,42.032422],[80.235156,42.043457],[80.246191,42.059814],[80.229199,42.129834],[80.209375,42.190039],[80.233008,42.207812],[80.259082,42.2354],[80.255078,42.27417],[80.205762,42.399414],[80.179297,42.518359],[80.161914,42.625537],[80.165039,42.665527],[80.202246,42.734473],[80.250293,42.797266],[80.424023,42.855762],[80.538965,42.873486],[80.54375,42.911719],[80.450684,42.935547],[80.383398,42.973779],[80.371289,42.995605],[80.374512,43.02041],[80.390234,43.043115],[80.507031,43.085791],[80.616992,43.128271],[80.751172,43.10249],[80.777734,43.118945],[80.785742,43.161572],[80.757031,43.204346],[80.729785,43.274268],[80.667773,43.310059],[80.66543,43.352979],[80.703809,43.427051],[80.650781,43.56416],[80.593457,43.685107],[80.495996,43.89209],[80.431543,43.951758],[80.395801,44.047168],[80.355273,44.097266],[80.358984,44.171289],[80.365332,44.223291],[80.354883,44.326514],[80.336328,44.438379],[80.355078,44.552002],[80.391016,44.626807],[80.381445,44.65542],[80.400586,44.676904],[80.455469,44.684082],[80.481543,44.714648],[80.455469,44.746094],[80.36084,44.770312],[80.255078,44.808105],[80.127832,44.80376],[79.997168,44.797217],[79.932129,44.825195],[79.875293,44.86084],[79.871875,44.883789],[79.950195,44.944092],[80.05918,45.006445],[80.228223,45.033984],[80.414941,45.075098],[80.50918,45.10498],[80.634766,45.126514],[80.780078,45.135547],[80.85332,45.129297],[81.040332,45.169141],[81.334766,45.246191],[81.602051,45.31084],[81.691992,45.349365],[81.758887,45.31084],[81.789648,45.226025],[81.86748,45.18208],[81.944922,45.16084],[81.989258,45.161865],[82.122754,45.194873],[82.266602,45.219092],[82.323438,45.205859],[82.39668,45.162451],[82.478711,45.123584],[82.521484,45.125488],[82.558984,45.15542],[82.596973,45.215967],[82.621094,45.293115],[82.625781,45.374414],[82.611621,45.424268],[82.58252,45.442578],[82.45166,45.471973],[82.32666,45.519922],[82.312207,45.563721],[82.315234,45.594922],[82.348145,45.671533],[82.429688,45.811914],[82.511719,46.005811],[82.555078,46.158691],[82.692187,46.38667],[82.8,46.624463],[82.974902,46.966016],[83.004102,47.033496],[83.020117,47.141455],[83.029492,47.185937],[83.090332,47.209375],[83.193066,47.186572],[83.443555,47.108643],[83.634082,47.043213],[83.713965,47.021045],[83.832617,46.997852],[84.016016,46.970508],[84.12207,46.978613],[84.215137,46.994727],[84.338867,46.996143],[84.532422,46.975781],[84.592285,46.974951],[84.666602,46.972363],[84.719531,46.939355],[84.745996,46.864355],[84.786133,46.830713],[84.858203,46.843164],[85.0,46.903992412281504],[85.0,28.591562588252057],[84.855078,28.553613]]]}},{"type":"Feature","properties":{"code":"BLR","name_en":"Belarus","name_fa":"بلاروس"},"geometry":{"type":"Polygon","coordinates":[[[31.57373,52.108105],[31.345996,52.105371],[31.217969,52.050244],[31.168457,52.062939],[31.079297,52.076953],[30.980664,52.046191],[30.845703,51.953076],[30.755273,51.895166],[30.667285,51.814111],[30.639453,51.770068],[30.583887,51.688965],[30.533008,51.596338],[30.560742,51.531494],[30.602344,51.47124],[30.611719,51.406348],[30.63252,51.35542],[30.576953,51.318359],[30.544531,51.265039],[30.449512,51.274316],[30.333398,51.325537],[30.308984,51.399609],[30.219531,51.451221],[30.160742,51.477881],[30.06377,51.482031],[30.0,51.47214626116104],[30.0,55.83999552687765],[30.042676,55.836426],[30.233594,55.845215],[30.45625,55.786816],[30.475391,55.768799],[30.586719,55.700293],[30.625586,55.66626],[30.662305,55.655469],[30.72168,55.622119],[30.800781,55.601123],[30.855957,55.60752],[30.882227,55.596387],[30.906836,55.57002],[30.908789,55.525342],[30.900586,55.397412],[30.861816,55.3604],[30.820996,55.330273],[30.810547,55.306982],[30.814453,55.278711],[30.877441,55.223437],[30.958887,55.137598],[30.977734,55.087793],[30.977734,55.050488],[30.866797,54.940723],[30.829883,54.91499],[30.804492,54.860937],[30.791016,54.806006],[30.798828,54.783252],[30.98418,54.695898],[31.121289,54.648486],[31.152148,54.625342],[31.154883,54.610937],[31.081934,54.51709],[31.074805,54.491797],[31.184766,54.452979],[31.245508,54.39165],[31.299121,54.291699],[31.403613,54.195947],[31.628418,54.111182],[31.791992,54.055908],[31.825977,54.030713],[31.837793,54.000781],[31.825293,53.93501],[31.783008,53.85498],[31.754199,53.810449],[31.820801,53.791943],[31.992188,53.796875],[32.200391,53.78125],[32.450195,53.69292],[32.450977,53.65332],[32.425195,53.617285],[32.442383,53.579248],[32.469629,53.546973],[32.685742,53.448145],[32.706445,53.419434],[32.710254,53.371436],[32.704297,53.336328],[32.644434,53.328906],[32.578027,53.312402],[32.469336,53.270312],[32.42627,53.210596],[32.250684,53.128369],[32.141992,53.091162],[32.055469,53.089453],[31.849707,53.106201],[31.777441,53.146875],[31.747461,53.18418],[31.668262,53.200928],[31.562988,53.20249],[31.417871,53.196045],[31.388379,53.184814],[31.364551,53.138965],[31.30293,53.060889],[31.258789,53.016699],[31.295117,52.989795],[31.353027,52.933447],[31.442773,52.861816],[31.535156,52.798242],[31.564844,52.759229],[31.563477,52.731445],[31.519434,52.69873],[31.526172,52.633008],[31.615918,52.546191],[31.585547,52.532471],[31.576563,52.426025],[31.577344,52.312305],[31.601562,52.284814],[31.649902,52.262207],[31.690625,52.220654],[31.758594,52.12583],[31.763379,52.101074],[31.57373,52.108105]]]}},{"type":"Feature","properties":{"code":"BHR","name_en":"Bahrain","name_fa":"بحرین"},"geometry":{"type":"Polygon","coordinates":[[[50.574902,25.806787],[50.544043,25.833496],[50.465918,25.965527],[50.489453,26.058447],[50.452441,26.19082],[50.469922,26.228955],[50.564063,26.246436],[50.585938,26.240723],[50.557813,26.198291],[50.609766,26.124463],[50.61748,26.002344],[50.607227,25.883105],[50.574902,25.806787]]]}},{"type":"Feature","properties":{"code":"AZE","name_en":"Azerbaijan","name_fa":"جمهوری آذربایجان"},"geometry":{"type":"MultiPolygon","coordinates":[[[[44.783398,39.684668],[44.768262,39.703516],[44.867188,39.719141],[45.031641,39.765137],[45.076465,39.742822],[45.124609,39.696338],[45.148633,39.656592],[45.152832,39.582666],[45.172559,39.570605],[45.252539,39.595459],[45.288281,39.565576],[45.349902,39.529883],[45.456836,39.494482],[45.610742,39.549805],[45.687402,39.564062],[45.750488,39.562939],[45.784473,39.545605],[45.796484,39.488135],[45.78418,39.417236],[45.766309,39.378467],[45.798633,39.350195],[45.925,39.281934],[45.977441,39.243896],[45.951855,39.178125],[46.045898,39.017529],[46.077441,38.954883],[46.114453,38.877783],[45.921875,38.90791],[45.575,38.972803],[45.479688,39.00625],[45.389258,39.095898],[45.335547,39.13916],[45.255957,39.194678],[45.190625,39.215625],[45.141211,39.254297],[45.113086,39.311572],[45.07168,39.362891],[45.000195,39.423535],[44.838184,39.629102],[44.817188,39.650439],[44.783398,39.684668]]],[[[48.840332,38.437256],[48.635547,38.39873],[48.592676,38.411084],[48.417383,38.58623],[48.38125,38.605615],[48.305566,38.613477],[48.261328,38.642285],[48.225195,38.689209],[48.204688,38.724121],[48.023242,38.819043],[47.996484,38.85376],[47.992676,38.884277],[48.019336,38.911816],[48.050098,38.93501],[48.138574,38.958643],[48.241992,38.978955],[48.275098,38.993604],[48.29209,39.018848],[48.291016,39.059277],[48.274121,39.099121],[48.125488,39.171631],[48.10918,39.202832],[48.104395,39.241113],[48.112891,39.281104],[48.136035,39.312354],[48.257227,39.35498],[48.322168,39.399072],[48.281738,39.44834],[48.151074,39.560547],[47.995898,39.683936],[47.892285,39.685059],[47.772852,39.648584],[47.581836,39.543359],[47.476172,39.49834],[47.338477,39.423877],[47.188379,39.340967],[47.06543,39.252881],[46.988867,39.180176],[46.852539,39.148438],[46.783203,39.087402],[46.554785,38.904395],[46.490625,38.906689],[46.486719,38.997461],[46.489844,39.069434],[46.475391,39.110889],[46.401465,39.167676],[46.400293,39.192187],[46.420313,39.207373],[46.477148,39.198193],[46.55,39.201416],[46.584766,39.223682],[46.506641,39.298535],[46.437305,39.348535],[46.378418,39.382275],[46.365234,39.40249],[46.365137,39.416797],[46.377637,39.433887],[46.478125,39.475098],[46.488086,39.512842],[46.481445,39.555176],[46.32168,39.617432],[46.202051,39.594482],[46.094824,39.664453],[46.025879,39.718555],[45.939941,39.776562],[45.863184,39.80835],[45.789648,39.881104],[45.661816,39.956201],[45.579785,39.977539],[45.580957,39.989014],[45.595996,40.002832],[45.630176,40.014209],[45.858105,40.011279],[45.885938,40.024854],[45.900098,40.05708],[45.93125,40.104687],[45.967578,40.174805],[45.964648,40.233789],[45.735742,40.329102],[45.569531,40.416846],[45.454395,40.532373],[45.376172,40.638086],[45.378906,40.673584],[45.401367,40.707129],[45.579395,40.804492],[45.591406,40.829736],[45.5875,40.846924],[45.524023,40.896729],[45.444238,40.947998],[45.419141,40.985693],[45.368945,41.004883],[45.273438,41.00625],[45.106055,41.069336],[45.070508,41.075586],[45.062598,41.088135],[45.070703,41.10083],[45.190234,41.126367],[45.188574,41.147412],[45.152344,41.175146],[45.084766,41.195459],[45.022949,41.245703],[45.001367,41.290967],[45.217188,41.423193],[45.280957,41.449561],[45.422266,41.425293],[45.715625,41.337646],[45.695703,41.289014],[45.725488,41.261621],[45.792773,41.224414],[45.921973,41.186719],[46.03125,41.167285],[46.086523,41.183838],[46.170703,41.197852],[46.27998,41.154443],[46.380762,41.099316],[46.430957,41.077051],[46.45791,41.070215],[46.534375,41.088574],[46.626367,41.159668],[46.662402,41.245508],[46.672559,41.286816],[46.618945,41.34375],[46.508789,41.405566],[46.384961,41.459863],[46.305469,41.507715],[46.254688,41.602148],[46.203516,41.612598],[46.190527,41.624854],[46.182129,41.65708],[46.184277,41.702148],[46.201855,41.736865],[46.251855,41.751758],[46.302539,41.75708],[46.348242,41.790186],[46.405469,41.855078],[46.429883,41.890967],[46.537695,41.87041],[46.552148,41.812305],[46.571289,41.800098],[46.616016,41.806934],[46.690332,41.831348],[46.749316,41.812598],[46.825586,41.743408],[46.930859,41.67041],[46.987793,41.621387],[47.010156,41.5875],[47.063965,41.554688],[47.142578,41.516064],[47.205273,41.455615],[47.261133,41.315088],[47.317676,41.282422],[47.520605,41.229053],[47.591797,41.218115],[47.791016,41.199268],[47.861133,41.212744],[47.963672,41.333984],[48.056055,41.458691],[48.142285,41.484766],[48.298145,41.54502],[48.391406,41.601904],[48.430664,41.66333],[48.518652,41.779346],[48.572852,41.844482],[48.664648,41.786621],[48.823926,41.62959],[49.050879,41.373975],[49.106641,41.301709],[49.143262,41.217773],[49.174707,41.116113],[49.226465,41.026221],[49.456738,40.799854],[49.556152,40.716309],[49.718359,40.608105],[49.775977,40.583984],[49.851758,40.577197],[49.990625,40.576807],[50.119141,40.534521],[50.18252,40.504785],[50.248047,40.461768],[50.306836,40.412207],[50.365918,40.279492],[50.143164,40.323242],[49.918848,40.316406],[49.791992,40.287891],[49.669043,40.249023],[49.551172,40.194141],[49.477344,40.087256],[49.415137,39.839844],[49.324414,39.60835],[49.327539,39.501221],[49.367383,39.398389],[49.362793,39.349561],[49.321191,39.328906],[49.269336,39.285156],[49.199805,39.072656],[49.165332,39.030273],[49.120996,39.003906],[49.108691,39.029053],[49.111328,39.084717],[49.013477,39.133984],[48.961719,39.07876],[48.926172,38.961768],[48.854492,38.838818],[48.850879,38.815332],[48.86875,38.435498],[48.840332,38.437256]],[[45.562305,40.64917],[45.53418,40.664014],[45.504492,40.664844],[45.478809,40.64834],[45.478809,40.606982],[45.514355,40.599561],[45.552344,40.616064],[45.562305,40.64917]]],[[[45.002051,41.01582],[44.969043,41.027246],[44.958887,41.052637],[44.961426,41.079248],[44.994336,41.085596],[45.021094,41.077979],[45.028711,41.053857],[45.023633,41.027246],[45.002051,41.01582]]]]}},{"type":"Feature","properties":{"code":"ARM","name_en":"Armenia","name_fa":"ارمنستان"},"geometry":{"type":"MultiPolygon","coordinates":[[[[44.733789,39.746484],[44.560449,39.887598],[44.399609,39.995752],[44.289258,40.040381],[44.178027,40.035742],[44.005371,40.014111],[43.941992,40.023145],[43.791699,40.070264],[43.666211,40.126367],[43.683301,40.149658],[43.709863,40.166504],[43.678125,40.239307],[43.608398,40.356592],[43.61582,40.393311],[43.59375,40.444043],[43.569336,40.482373],[43.667871,40.574072],[43.712891,40.647754],[43.722656,40.719531],[43.696484,40.794141],[43.631641,40.929004],[43.591699,40.968213],[43.51748,41.004834],[43.455273,41.064697],[43.439453,41.107129],[43.491992,41.115527],[43.64502,41.11665],[43.793164,41.131104],[43.90918,41.158984],[44.077246,41.18252],[44.146484,41.203369],[44.227344,41.21333],[44.473047,41.191016],[44.564844,41.208203],[44.841406,41.211377],[44.848535,41.220166],[44.810938,41.248584],[44.811328,41.259375],[44.975879,41.27749],[45.001367,41.290967],[45.022949,41.245703],[45.084766,41.195459],[45.152344,41.175146],[45.188574,41.147412],[45.190234,41.126367],[45.070703,41.10083],[45.062598,41.088135],[45.070508,41.075586],[45.106055,41.069336],[45.273438,41.00625],[45.368945,41.004883],[45.419141,40.985693],[45.444238,40.947998],[45.524023,40.896729],[45.5875,40.846924],[45.591406,40.829736],[45.579395,40.804492],[45.401367,40.707129],[45.378906,40.673584],[45.376172,40.638086],[45.454395,40.532373],[45.569531,40.416846],[45.735742,40.329102],[45.964648,40.233789],[45.967578,40.174805],[45.93125,40.104687],[45.900098,40.05708],[45.885938,40.024854],[45.858105,40.011279],[45.630176,40.014209],[45.595996,40.002832],[45.580957,39.989014],[45.579785,39.977539],[45.661816,39.956201],[45.789648,39.881104],[45.863184,39.80835],[45.939941,39.776562],[46.025879,39.718555],[46.094824,39.664453],[46.202051,39.594482],[46.32168,39.617432],[46.481445,39.555176],[46.488086,39.512842],[46.478125,39.475098],[46.377637,39.433887],[46.365137,39.416797],[46.365234,39.40249],[46.378418,39.382275],[46.437305,39.348535],[46.506641,39.298535],[46.584766,39.223682],[46.55,39.201416],[46.477148,39.198193],[46.420313,39.207373],[46.400293,39.192187],[46.401465,39.167676],[46.475391,39.110889],[46.489844,39.069434],[46.486719,38.997461],[46.490625,38.906689],[46.317773,38.912646],[46.170117,38.869043],[46.114453,38.877783],[46.077441,38.954883],[46.045898,39.017529],[45.951855,39.178125],[45.977441,39.243896],[45.925,39.281934],[45.798633,39.350195],[45.766309,39.378467],[45.78418,39.417236],[45.796484,39.488135],[45.784473,39.545605],[45.750488,39.562939],[45.687402,39.564062],[45.610742,39.549805],[45.456836,39.494482],[45.349902,39.529883],[45.288281,39.565576],[45.252539,39.595459],[45.172559,39.570605],[45.152832,39.582666],[45.148633,39.656592],[45.124609,39.696338],[45.076465,39.742822],[45.031641,39.765137],[44.867188,39.719141],[44.768262,39.703516],[44.733789,39.746484]],[[45.028711,41.053857],[45.021094,41.077979],[44.994336,41.085596],[44.961426,41.079248],[44.958887,41.052637],[44.969043,41.027246],[45.002051,41.01582],[45.023633,41.027246],[45.028711,41.053857]]],[[[45.514355,40.599561],[45.478809,40.606982],[45.478809,40.64834],[45.504492,40.664844],[45.53418,40.664014],[45.562305,40.64917],[45.552344,40.616064],[45.514355,40.599561]]]]}},{"type":"Feature","properties":{"code":"AFG","name_en":"Afghanistan","name_fa":"افغانستان"},"geometry":{"type":"Polygon","coordinates":[[[66.827734,37.371289],[67.068848,37.334814],[67.195508,37.235205],[67.319727,37.20957],[67.441699,37.258008],[67.517285,37.26665],[67.546484,37.235645],[67.607422,37.22251],[67.7,37.227246],[67.75293,37.199805],[67.758984,37.172217],[67.766016,37.140137],[67.834473,37.064209],[67.958008,36.972021],[68.067773,36.949805],[68.212109,37.021533],[68.260938,37.013086],[68.284766,37.036328],[68.299512,37.088428],[68.386914,37.1375],[68.546484,37.183447],[68.637012,37.224463],[68.669141,37.258398],[68.723242,37.268018],[68.782031,37.258008],[68.82373,37.270703],[68.838477,37.302832],[68.855371,37.316846],[68.885254,37.328076],[68.911816,37.333936],[68.960449,37.325049],[69.05,37.266504],[69.180176,37.158301],[69.264844,37.108398],[69.303906,37.116943],[69.353809,37.150049],[69.414453,37.207764],[69.429688,37.290869],[69.399219,37.399316],[69.420117,37.486719],[69.49209,37.553076],[69.625781,37.594043],[69.820898,37.60957],[69.940625,37.600293],[69.984961,37.566162],[70.044727,37.547217],[70.119824,37.543506],[70.188672,37.582471],[70.251465,37.66416],[70.25498,37.765381],[70.199414,37.886035],[70.214648,37.924414],[70.23877,37.941211],[70.313281,37.984814],[70.417773,38.075439],[70.518555,38.191992],[70.61582,38.334424],[70.735938,38.422559],[70.878906,38.456396],[71.052148,38.417871],[71.255859,38.306982],[71.332715,38.170264],[71.282813,38.00791],[71.278516,37.918408],[71.319922,37.901855],[71.389648,37.906299],[71.487793,37.931885],[71.551953,37.933154],[71.582227,37.910107],[71.580371,37.864258],[71.546191,37.795654],[71.505078,37.60293],[71.479688,37.436035],[71.454785,37.271826],[71.43291,37.127539],[71.471875,37.015088],[71.530859,36.845117],[71.597461,36.73291],[71.665625,36.696924],[71.733789,36.684033],[71.802051,36.694287],[71.941992,36.766455],[72.153516,36.900537],[72.358789,36.98291],[72.657422,37.029053],[72.757031,37.172705],[72.895508,37.267529],[73.211133,37.408496],[73.38291,37.462256],[73.481348,37.47168],[73.604688,37.446045],[73.632617,37.437207],[73.657129,37.430469],[73.720605,37.41875],[73.733789,37.375781],[73.717285,37.329443],[73.648828,37.291211],[73.627539,37.261572],[73.653516,37.239355],[73.749609,37.231787],[73.948828,37.283154],[74.077734,37.316211],[74.16709,37.329443],[74.203516,37.372461],[74.259668,37.41543],[74.349023,37.41875],[74.444922,37.395605],[74.524219,37.382373],[74.659375,37.394482],[74.730566,37.357031],[74.830469,37.285937],[74.875391,37.241992],[74.891309,37.231641],[74.840234,37.225049],[74.767383,37.24917],[74.738965,37.285645],[74.72666,37.290723],[74.668945,37.266699],[74.558984,37.236621],[74.372168,37.157715],[74.376172,37.137354],[74.497949,37.057227],[74.526465,37.030664],[74.541406,37.022168],[74.431055,36.983691],[74.194727,36.896875],[74.038867,36.825732],[74.001855,36.823096],[73.907813,36.85293],[73.769141,36.888477],[73.731836,36.887793],[73.411133,36.881689],[73.116797,36.868555],[72.99375,36.851611],[72.766211,36.83501],[72.622852,36.82959],[72.531348,36.802002],[72.431152,36.76582],[72.326953,36.742383],[72.249805,36.734717],[72.156738,36.700879],[72.095605,36.63374],[71.920703,36.53418],[71.822266,36.486084],[71.772656,36.431836],[71.716406,36.426562],[71.620508,36.436475],[71.545898,36.377686],[71.463281,36.293262],[71.312598,36.171191],[71.23291,36.121777],[71.185059,36.04209],[71.220215,36.000684],[71.342871,35.938525],[71.397559,35.880176],[71.427539,35.83374],[71.483594,35.7146],[71.519043,35.59751],[71.571973,35.546826],[71.587402,35.46084],[71.600586,35.40791],[71.571973,35.37041],[71.545508,35.328516],[71.545508,35.288867],[71.577246,35.247998],[71.605273,35.211768],[71.620508,35.183008],[71.60166,35.150684],[71.545508,35.101416],[71.51709,35.051123],[71.455078,34.966943],[71.358105,34.909619],[71.294141,34.867725],[71.225781,34.779541],[71.113281,34.681592],[71.065625,34.599609],[71.016309,34.554639],[70.965625,34.530371],[70.978906,34.486279],[71.022949,34.431152],[71.095703,34.369434],[71.092383,34.273242],[71.089063,34.204053],[71.091309,34.120264],[71.051563,34.049707],[70.848438,33.981885],[70.654004,33.952295],[70.415723,33.950439],[70.325684,33.961133],[70.253613,33.975977],[69.994727,34.051807],[69.889648,34.007275],[69.868066,33.897656],[70.056641,33.719873],[70.13418,33.620752],[70.219727,33.454687],[70.28418,33.369043],[70.261133,33.289014],[70.090234,33.198096],[69.920117,33.1125],[69.703711,33.094727],[69.567773,33.06416],[69.501563,33.020068],[69.453125,32.832812],[69.40459,32.764258],[69.405371,32.682715],[69.359473,32.590332],[69.289941,32.530566],[69.241406,32.433545],[69.256543,32.249463],[69.279297,31.936816],[69.186914,31.838086],[69.083105,31.738477],[68.973438,31.667383],[68.868945,31.634229],[68.782324,31.646436],[68.713672,31.708057],[68.673242,31.759717],[68.597656,31.802979],[68.520703,31.794141],[68.443262,31.754492],[68.319824,31.767676],[68.213965,31.807373],[68.161035,31.802979],[68.130176,31.763281],[68.017188,31.677979],[67.739844,31.548193],[67.626758,31.53877],[67.578223,31.506494],[67.597559,31.45332],[67.64707,31.409961],[67.733496,31.379248],[67.737891,31.343945],[67.661523,31.312988],[67.596387,31.277686],[67.452832,31.234619],[67.287305,31.217822],[67.115918,31.24292],[67.027734,31.300244],[66.924316,31.305615],[66.829297,31.263672],[66.731348,31.194531],[66.624219,31.046045],[66.595801,31.019971],[66.566797,30.996582],[66.497363,30.964551],[66.397168,30.912207],[66.346875,30.802783],[66.286914,30.60791],[66.300977,30.502979],[66.305469,30.321143],[66.281836,30.193457],[66.238477,30.109619],[66.247168,30.043506],[66.313379,29.968555],[66.286914,29.92002],[66.23125,29.865723],[66.177051,29.835596],[65.961621,29.778906],[65.666211,29.701318],[65.470996,29.651562],[65.180469,29.577637],[65.095508,29.559473],[64.918945,29.552783],[64.827344,29.56416],[64.703516,29.567139],[64.521094,29.564502],[64.39375,29.544336],[64.266113,29.506934],[64.172168,29.460352],[64.117969,29.414258],[64.09873,29.391943],[63.970996,29.430078],[63.567578,29.497998],[62.476562,29.40835],[62.373438,29.425391],[62.000977,29.53042],[61.521484,29.665674],[61.224414,29.749414],[60.843359,29.858691],[61.104102,30.128418],[61.331641,30.363721],[61.559473,30.599365],[61.78418,30.831934],[61.81084,30.913281],[61.814258,31.072559],[61.755078,31.285303],[61.660156,31.382422],[61.346484,31.421631],[61.110742,31.451123],[60.854102,31.483252],[60.820703,31.495166],[60.791602,31.660596],[60.804297,31.734473],[60.7875,31.877197],[60.789941,31.987109],[60.827246,32.167969],[60.829297,32.249414],[60.710449,32.6],[60.644531,32.794385],[60.576563,32.994873],[60.561914,33.058789],[60.560547,33.137842],[60.718066,33.323535],[60.766895,33.363818],[60.859277,33.45625],[60.916992,33.505225],[60.906934,33.538965],[60.806445,33.558691],[60.65459,33.5604],[60.573828,33.58833],[60.51084,33.638916],[60.485938,33.711914],[60.527051,33.841992],[60.485742,34.094775],[60.570215,34.219629],[60.642676,34.307178],[60.889453,34.319434],[60.803906,34.418018],[60.762598,34.475244],[60.736133,34.491797],[60.72627,34.518262],[60.739453,34.544727],[60.802344,34.554639],[60.845313,34.587695],[60.914746,34.633984],[60.951172,34.653857],[60.957813,34.710059],[60.99082,34.749756],[61.04043,34.799365],[61.080078,34.855615],[61.070215,34.921729],[61.106641,35.001123],[61.123145,35.050732],[61.149609,35.09375],[61.126465,35.156543],[61.106641,35.209473],[61.1,35.272314],[61.139648,35.288867],[61.189258,35.312012],[61.199219,35.361621],[61.225684,35.424463],[61.245508,35.474072],[61.278516,35.51377],[61.281836,35.553418],[61.262012,35.61958],[61.344727,35.629492],[61.377734,35.593115],[61.421777,35.545801],[61.542773,35.457861],[61.620996,35.432324],[61.719727,35.419434],[61.841016,35.431494],[61.938086,35.4479],[61.983887,35.443701],[62.089648,35.379687],[62.213086,35.289941],[62.252832,35.250244],[62.271191,35.189111],[62.307813,35.170801],[62.386621,35.23125],[62.462891,35.251367],[62.533105,35.239893],[62.610547,35.233154],[62.688086,35.255322],[62.722656,35.271338],[62.858008,35.349658],[62.980273,35.40918],[63.056641,35.445801],[63.08418,35.568066],[63.119336,35.637549],[63.169727,35.678125],[63.150781,35.728271],[63.12998,35.766748],[63.108594,35.818701],[63.12998,35.846191],[63.178906,35.858447],[63.30166,35.858398],[63.516992,35.913135],[63.696582,35.967822],[63.8625,36.012354],[63.938086,36.019727],[64.009668,36.012109],[64.042383,36.025098],[64.051367,36.067627],[64.092188,36.112695],[64.184375,36.148926],[64.358008,36.226074],[64.511035,36.340674],[64.56582,36.427588],[64.602539,36.554541],[64.674316,36.750195],[64.753125,36.964795],[64.782422,37.059277],[64.816309,37.13208],[64.951563,37.193555],[65.089648,37.237939],[65.303613,37.246777],[65.55498,37.251172],[65.608008,37.368408],[65.641211,37.467822],[65.683008,37.519141],[65.743848,37.56084],[65.765039,37.569141],[65.900684,37.508105],[66.108398,37.414746],[66.350293,37.368164],[66.471875,37.344727],[66.522266,37.348486],[66.827734,37.371289]]]}},{"type":"Feature","properties":{"code":"KAS","name_en":"Siachen Glacier","name_fa":"یخچال سیاچن"},"geometry":{"type":"Polygon","coordinates":[[[77.004492,35.196338],[76.978906,35.246436],[76.927734,35.346631],[76.882227,35.435742],[76.812793,35.571826],[76.766895,35.661719],[76.878906,35.613281],[77.090039,35.552051],[77.294824,35.508154],[77.446484,35.475586],[77.52002,35.473437],[77.572559,35.471826],[77.724023,35.480566],[77.799414,35.495898],[77.696973,35.443262],[77.571582,35.37876],[77.423437,35.302588],[77.292969,35.235547],[77.168555,35.171533],[77.048633,35.109912],[77.004492,35.196338]]]}}]}
